HGNC Symbol,Brodmann (1909) area 24,Brodmann (1909) area 9,C1 segment of cervical spinal cord,EBV-transformed lymphocyte,adrenal gland,amygdala,aorta,atrium auricular region,blood,breast,caudate nucleus,cerebellar hemisphere,cerebellum,cerebral cortex,coronary artery,cortex of kidney,ectocervix,endocervix,esophagogastric junction,esophagus mucosa,esophagus muscularis mucosa,fallopian tube,greater omentum,heart left ventricle,hippocampus proper,hypothalamus,liver,lower leg skin,lung,minor salivary gland,nucleus accumbens,ovary,pancreas,pituitary gland,prostate gland,putamen,sigmoid colon,skeletal muscle tissue,small intestine Peyer's patch,spleen,stomach,subcutaneous adipose tissue,substantia nigra,suprapubic skin,testis,thyroid gland,tibial artery,tibial nerve,transformed skin fibroblast,transverse colon,urinary bladder,uterus,vagina
&Delta;9-tetrahydrocannabinol,115.0,101.4,10.0,343.0,35.0,45.0,25.0,3.5,54.0,100.0,78.0,190.0,170.0,86.4,35.0,0.0,66.3,44.5,50.0,20.4,40.0,145.0,140.0,0.0,70.0,55.0,0.0,20.0,58.1,23.5,61.0,15.0,5.0,189.8,21.3,88.0,100.0,10.0,107.0,293.0,15.0,150.0,10.0,19.5,266.0,49.0,130.0,55.0,125.0,45.9,25.0,35.0,37.0
&alpha;-methylnoradrenaline,16.0,24.0,0.0,0.0,4.0,6.4,88.0,0.0,0.0,16.0,8.0,0.0,0.0,24.0,8.0,0.0,136.0,120.0,16.0,0.0,7.2,40.0,16.0,0.0,24.0,8.0,0.0,6.4,40.0,4.0,5.6,7.2,0.0,0.0,40.0,7.2,24.0,0.0,0.0,24.0,4.8,16.0,0.0,4.8,16.0,16.0,16.0,72.0,0.0,8.0,32.0,40.0,40.0
&gamma;-hydroxybutyric acid,0.0,0.0,0.0,0.0,0.0,0.0,0.0,0.0,0.0,55.0,0.0,0.0,0.0,0.0,0.0,5.0,10.0,15.0,0.0,0.0,0.0,10.0,30.0,0.0,0.0,0.0,0.0,0.0,2.5,15.0,0.0,3.0,0.0,4.0,5.0,0.0,0.0,0.0,0.0,25.0,10.0,15.0,0.0,0.0,10.0,15.0,0.0,5.0,0.0,0.0,5.0,2.5,4.0
(-)-adrenaline,150.0,139.0,17.8,1.8,39.2,45.4,479.0,34.0,8.0,419.0,36.2,70.4,93.4,160.0,107.8,40.6,832.2,670.8,75.0,40.0,57.2,201.0,368.0,33.5,68.0,77.0,235.5,186.20000000000002,225.0,76.6,30.6,277.20000000000005,131.0,24.2,147.4,22.4,86.0,12.0,70.0,329.0,33.6,644.0,23.6,139.0,96.8,149.0,284.0,261.0,73.8,84.8,127.0,148.2,295.8
(-)-noradrenaline,183.0,169.5,33.8,0.0,73.0,72.9,1513.0,51.0,0.0,464.0,174.2,89.4,109.5,196.0,422.8,159.0,1316.2,2253.8,133.0,40.0,126.2,488.0,439.0,67.5,90.5,97.5,252.5,202.20000000000002,227.0,89.6,123.6,371.8,149.0,67.5,311.59999999999997,150.79999999999998,131.0,49.0,99.0,582.0,52.599999999999994,765.0,33.1,126.0,155.4,168.0,953.0,357.0,76.5,112.39999999999999,186.0,515.2,394.8
(-)-pentazocine,20.0,25.0,0.0,0.0,0.0,8.5,0.0,0.0,0.0,0.0,15.0,10.0,15.0,25.0,0.0,0.0,0.0,0.0,0.0,0.0,0.0,0.0,0.0,0.0,6.5,17.5,0.0,0.0,0.0,0.0,25.0,0.0,0.0,0.0,0.0,8.5,2.5,0.0,0.0,0.0,0.0,0.0,0.0,0.0,14.5,0.0,0.0,0.0,0.0,0.0,0.0,0.0,0.0
(-)-sulpiride,14.0,19.5,18.5,3.0,5.0,15.0,18.5,3.5,0.0,13.5,177.5,44.0,55.0,25.0,15.0,10.0,20.0,40.0,25.0,10.0,20.0,39.5,10.0,2.5,14.5,50.0,5.0,24.0,10.0,50.0,240.0,45.0,10.0,470.0,29.0,212.5,27.5,5.0,15.0,10.0,10.0,15.0,50.0,23.5,50.0,25.0,15.0,50.0,4.0,10.0,20.0,38.0,28.0
(R)-cetirizine,48.0,48.0,8.0,0.0,5.6,16.0,176.0,5.6,0.0,48.0,8.0,0.0,0.0,40.0,72.0,8.0,56.0,88.0,32.0,32.0,32.0,64.0,48.0,4.0,16.0,16.0,0.0,56.0,48.0,24.0,16.0,48.0,0.0,4.8,24.0,6.4,56.0,4.8,32.0,8.0,8.0,64.0,5.6,48.0,8.0,24.0,104.0,128.0,128.0,40.0,40.0,40.0,72.0
17&beta;-estradiol,50.0,45.0,30.0,135.0,70.0,40.0,45.0,15.0,15.0,60.0,55.0,25.0,40.0,60.0,55.0,40.0,35.0,50.0,65.0,15.0,55.0,60.0,65.0,15.0,40.0,35.0,75.0,20.0,60.0,20.0,40.0,25.0,5.0,55.0,55.0,60.0,80.0,5.0,20.0,80.0,185.0,85.0,50.0,20.0,15.0,95.0,80.0,95.0,15.0,45.0,45.0,55.0,35.0
ACTH,6.0,6.0,4.0,1.8,4.0,3.4,8.0,4.0,2.0,8.0,8.0,36.0,38.0,6.0,6.0,6.0,8.0,16.0,8.0,4.0,8.0,18.0,6.0,2.0,2.0,12.0,1.8,8.0,8.0,10.0,6.0,18.0,4.0,40.0,14.0,8.0,10.0,1.2,10.0,10.0,6.0,6.0,2.0,8.0,55.6,32.0,6.0,10.0,4.0,6.0,10.0,12.0,10.0
FSH,0.0,0.0,0.0,0.0,0.0,0.0,0.0,0.0,0.0,0.0,0.0,0.0,0.0,0.0,0.0,1.2,0.0,0.0,0.0,0.0,0.0,0.0,0.0,0.0,0.0,0.0,0.0,0.0,0.0,0.0,0.0,0.0,0.0,6830.0,1.0,0.0,0.0,0.0,0.0,0.0,0.0,0.0,0.0,0.0,0.0,0.0,0.0,0.0,0.0,0.0,0.0,0.0,0.0
LH,0.0,0.0,0.0,0.0,0.0,0.0,0.0,0.0,0.0,0.0,0.0,0.0,0.0,0.0,0.0,0.0,0.0,0.0,2.0,0.0,8.0,0.0,1.2,0.0,0.0,0.0,0.0,0.0,0.0,0.0,0.0,4.0,0.0,0.0,0.0,0.0,0.0,0.0,0.0,0.0,0.0,1.6,0.0,0.0,1.8,0.0,0.0,12.0,0.0,0.0,0.0,0.0,0.0
N-methyl scopolamine,288.0,464.0,0.0,0.0,0.0,104.0,0.0,0.0,0.0,8.0,199.2,0.0,0.0,512.0,8.0,4.8,0.0,0.0,96.0,8.0,96.0,5.6,0.0,0.0,176.0,24.0,0.0,40.0,23.2,120.0,284.8,24.0,40.0,4.8,190.4,192.0,77.6,0.0,12.0,4.0,52.8,0.0,4.0,31.2,7.2,16.0,4.0,0.0,0.0,28.8,16.0,8.0,0.0
PGE1,0.0,4.0,16.0,38.0,42.0,1.6,221.6,35.4,32.0,46.4,8.2,0.0,0.0,4.8,116.0,131.0,36.4,48.0,44.0,20.0,33.8,72.0,74.0,16.0,1.4,7.6,10.799999999999999,24.0,154.0,26.8,9.0,8.0,40.0,36.0,24.0,6.4,53.4,6.0,68.0,176.0,53.4,58.8,2.0,23.6,16.6,66.4,94.0,58.0,62.4,68.8,33.2,34.4,36.0
PGE2,31.0,29.2,35.6,12.799999999999999,170.0,24.6,751.6,35.699999999999996,101.0,253.4,29.6,23.0,23.0,27.8,555.0,290.0,258.9,294.5,216.0,62.0,163.8,244.5,272.0,39.0,31.599999999999998,51.6,52.00000000000001,174.0,208.0,110.8,29.6,107.0,59.6,64.5,120.5,34.4,161.9,23.4,203.0,322.5,216.4,391.3,25.0,147.6,53.8,111.4,833.0,642.0,542.9,188.8,132.7,779.4,161.0
PGI2,0.0,4.0,14.8,4.0,30.0,1.6,19.6,6.0,20.0,32.4,8.2,0.0,0.0,4.8,24.0,114.0,20.4,26.0,30.0,16.0,20.0,48.0,46.0,6.0,1.4,7.6,1.6,14.0,74.0,16.8,9.0,2.0,34.0,28.0,16.0,6.4,41.6,4.0,54.0,132.0,44.0,36.8,2.0,14.0,15.6,20.4,26.0,34.0,18.4,44.8,27.2,16.4,18.0
TSH,0.0,0.0,0.0,0.0,0.0,0.0,0.0,0.0,0.0,0.0,1.0,0.0,0.0,0.0,0.0,0.0,0.0,0.0,0.0,0.0,0.0,2.0,0.0,0.0,0.0,0.0,0.0,0.0,0.0,0.0,0.0,0.0,0.0,0.0,0.0,0.0,0.0,0.0,0.0,1.4,0.0,0.0,0.0,0.0,0.0,502.0,0.0,0.0,0.0,0.0,0.0,0.0,0.0
abaloparatide,34.0,30.0,24.0,0.0,82.0,24.0,28.0,22.0,0.0,48.0,26.0,22.0,30.0,36.0,62.0,472.0,72.0,88.0,46.0,8.0,46.0,58.0,70.0,22.0,28.0,28.0,66.0,24.0,68.0,6.0,22.0,56.0,8.0,14.0,26.0,28.0,24.0,8.0,18.0,118.0,12.0,62.0,40.0,20.0,30.0,20.0,52.0,30.0,8.0,14.0,26.0,74.0,50.0
abarelix,16.0,16.0,32.0,40.0,16.0,16.0,144.0,32.0,24.0,80.0,24.0,168.0,160.0,24.0,104.0,40.0,104.0,136.0,96.0,64.0,88.0,104.0,56.0,24.0,16.0,24.0,16.0,120.0,80.0,72.0,24.0,136.0,24.0,80.0,120.0,32.0,88.0,16.0,72.0,104.0,40.0,80.0,24.0,104.0,72.0,80.0,112.0,400.0,72.0,72.0,64.0,112.0,128.0
acebutolol,16.0,24.0,2.0,1.4,0.0,8.0,0.0,30.0,0.0,4.0,14.0,1.8,4.0,26.0,4.0,2.0,0.0,0.0,8.0,1.6,10.0,0.0,12.0,30.0,6.0,6.0,0.0,1.2,50.0,0.0,26.0,0.0,1.4,0.0,12.0,14.0,6.0,0.0,8.0,6.0,2.0,6.0,6.0,1.6,2.0,2.0,0.0,0.0,0.0,4.0,1.0,0.0,0.0
acipimox,0.0,0.0,0.0,4.0,0.0,0.0,0.0,0.0,485.0,40.0,0.0,0.0,0.0,0.0,5.0,10.0,3.5,0.0,0.0,225.0,0.0,2.5,65.0,0.0,0.0,0.0,3.0,155.0,45.0,65.0,0.0,0.0,0.0,0.0,15.0,0.0,0.0,0.0,0.0,110.0,3.5,55.0,0.0,170.0,20.0,3.0,0.0,4.0,0.0,0.0,15.0,0.0,105.0
aclidinium,290.5,468.0,0.0,0.0,0.0,104.0,0.0,65.0,0.0,8.0,199.2,0.0,0.0,514.5,8.0,4.8,4.0,0.0,136.0,8.0,111.0,5.6,0.0,40.0,176.0,29.0,0.0,40.0,28.2,120.0,284.8,24.0,40.0,4.8,190.4,192.0,222.6,0.0,12.0,4.0,55.3,0.0,4.0,31.2,10.2,16.0,4.0,0.0,0.0,53.8,56.0,8.0,0.0
adenosine,21.0,16.5,9.0,9.5,64.0,13.0,371.8,11.6,13.600000000000001,24.0,15.4,12.6,17.0,19.0,252.0,36.0,69.0,66.0,44.0,39.0,52.0,46.0,32.0,12.0,13.0,11.0,27.0,30.0,54.0,9.0,17.3,25.0,6.5,23.0,31.0,14.4,28.0,5.2,29.0,75.4,16.8,32.0,9.0,34.0,18.0,37.0,367.0,89.0,33.0,37.0,21.0,54.0,50.0
adomeglivant,0.0,0.0,0.0,1.2,0.0,0.0,0.0,0.0,0.0,0.0,0.0,0.0,0.0,0.0,0.0,52.0,1.2,1.0,0.0,0.0,0.0,1.2,0.0,0.0,0.0,0.0,190.0,2.0,0.0,0.0,0.0,0.0,1.6,1.0,0.0,0.0,2.0,0.0,1.6,0.0,0.0,0.0,0.0,4.0,4.0,0.0,0.0,26.0,0.0,1.2,0.0,0.0,1.6
agomelatine,72.0,136.0,13.6,4.8,136.0,40.0,48.0,24.0,0.0,8.0,120.0,5.0,5.0,87.2,48.0,16.0,40.0,38.4,38.4,0.0,56.0,55.2,12.8,0.0,24.0,152.0,4.0,0.0,5.6,4.8,264.0,8.0,0.0,4.8,4.0,72.0,53.6,0.0,4.8,4.8,4.0,8.0,24.0,0.0,28.5,40.0,88.0,4.0,16.0,16.0,16.0,110.4,16.0
alfuzosin,128.0,112.0,8.8,0.0,28.0,38.4,448.0,16.0,0.0,64.0,31.2,14.4,32.0,128.0,52.8,24.0,151.2,132.8,40.0,0.0,27.2,128.0,104.0,24.0,56.0,40.0,224.0,27.2,152.0,9.6,25.6,60.8,0.0,8.0,70.4,20.8,40.0,0.0,24.0,232.0,17.6,80.0,9.6,16.0,30.4,48.0,208.0,112.0,72.0,20.8,44.0,63.2,44.8
alprenolol,2.0,2.0,4.0,1.8,1.2,2.0,6.0,8.0,8.0,50.0,2.0,1.0,1.4,2.0,10.0,1.6,16.0,8.0,10.0,20.0,10.0,8.0,44.0,6.0,2.0,2.0,8.0,54.0,38.0,12.0,2.0,1.4,1.0,1.2,12.0,1.6,6.0,8.0,6.0,22.0,6.0,54.0,4.0,58.0,1.4,6.0,6.0,14.0,1.8,4.0,8.0,10.0,26.0
alvimopan,20.0,25.0,0.0,0.0,0.0,8.5,0.0,0.0,0.0,0.0,15.0,10.0,15.0,25.0,0.0,0.0,0.0,0.0,0.0,0.0,0.0,0.0,0.0,0.0,6.5,17.5,0.0,0.0,0.0,0.0,25.0,0.0,0.0,0.0,0.0,8.5,2.5,0.0,0.0,0.0,0.0,0.0,0.0,0.0,14.5,0.0,0.0,0.0,0.0,0.0,0.0,0.0,0.0
ambrisentan,268.0,169.0,214.0,0.0,284.0,251.0,231.0,391.0,7.2,613.0,475.0,87.4,133.2,160.0,466.0,212.0,1119.0,972.0,232.0,84.0,193.0,690.0,832.0,173.0,160.0,313.0,107.0,216.0,940.0,178.0,431.0,510.0,61.2,121.0,520.0,403.0,165.0,79.0,150.0,216.0,121.0,798.0,321.0,207.0,100.0,586.0,502.0,410.0,128.0,97.0,333.0,664.0,682.0
amisulpride,4.0,4.5,3.5,0.0,0.0,5.0,3.5,0.0,0.0,3.5,165.0,4.0,5.0,5.0,0.0,0.0,0.0,10.0,0.0,0.0,0.0,4.5,0.0,0.0,4.5,35.0,0.0,4.0,0.0,40.0,210.0,0.0,0.0,415.0,4.0,200.0,2.5,0.0,0.0,0.0,0.0,0.0,40.0,3.5,5.0,0.0,0.0,20.0,0.0,0.0,0.0,3.0,3.0
amitriptyline,355.5,555.0,24.0,2.5,5.6,125.0,176.0,70.6,0.0,56.0,283.2,7.3,7.8,598.5,80.0,12.8,60.0,88.0,171.0,40.0,146.5,72.6,48.0,44.0,206.0,67.0,0.0,111.0,76.2,144.0,385.8,72.0,40.0,24.6,214.4,259.4,293.6,4.8,74.0,71.0,63.3,64.0,25.6,94.2,92.2,40.0,108.0,132.8,128.0,98.8,96.0,48.0,72.0
amoxapine,2.0,4.0,0.0,0.0,0.0,0.0,0.0,0.0,0.0,0.0,6.0,0.0,0.0,4.0,0.0,0.0,0.0,0.0,0.0,0.0,0.0,0.0,0.0,0.0,0.0,1.0,0.0,0.0,0.0,0.0,10.0,0.0,0.0,0.0,0.0,6.0,0.0,0.0,0.0,0.0,0.0,0.0,0.0,0.0,1.0,0.0,0.0,0.0,0.0,0.0,0.0,0.0,0.0
apomorphine,165.0,244.0,57.1,7.8,186.0,94.5,1133.5,62.5,0.0,421.5,502.5,119.0,133.5,209.2,433.0,161.0,1226.2,2200.4,148.4,50.0,161.0,436.3,359.2,46.0,87.0,266.3,37.5,199.0,92.6,134.8,669.4,308.0,159.0,535.3,275.0,468.5,166.1,54.0,94.8,364.8,53.0,708.0,97.5,133.5,197.0,185.0,848.0,300.4,24.5,116.0,167.0,599.6,395.2
apraclonidine,55.0,55.0,15.0,0.0,30.0,30.0,1030.0,25.0,0.0,370.0,133.0,75.0,75.0,65.0,355.0,115.0,1150.0,2100.0,50.0,35.0,45.0,310.0,290.0,18.5,30.0,55.0,3.5,160.0,70.0,65.0,88.0,240.0,145.0,55.0,225.0,120.0,60.0,19.0,60.0,270.0,20.0,635.0,20.0,100.0,110.0,105.0,715.0,190.0,4.5,75.0,105.0,415.0,335.0
aprepitant,9.0,9.0,0.0,0.0,0.0,5.3999999999999995,18.0,0.0,0.0,72.0,27.0,0.0,0.0,9.0,27.0,6.3,72.0,135.0,18.0,18.0,18.0,54.0,36.0,0.0,6.3,9.0,0.0,36.0,9.0,18.0,18.0,9.0,0.0,0.0,18.0,27.0,18.0,0.0,8.1,0.0,0.0,108.0,0.0,36.0,0.0,8.1,27.0,63.0,0.0,7.2,27.0,72.0,45.0
arformoterol,18.0,26.0,6.0,3.2,1.2,10.0,6.0,38.0,8.0,54.0,16.0,2.8,5.4,28.0,14.0,3.6,16.0,8.0,18.0,21.6,20.0,8.0,56.0,36.0,8.0,8.0,8.0,55.2,88.0,12.0,28.0,1.4,2.4,1.2,24.0,15.6,12.0,8.0,14.0,28.0,8.0,60.0,10.0,59.6,3.4,8.0,6.0,14.0,1.8,8.0,9.0,10.0,26.0
aripiprazole,139.0,217.0,27.6,0.0,5.6,67.0,278.5,5.6,0.0,54.5,323.0,4.0,5.0,161.7,166.0,8.0,69.0,109.4,53.4,32.0,47.0,79.2,52.8,4.0,57.0,215.5,0.0,60.0,53.0,64.0,550.0,51.0,0.0,422.3,30.5,303.4,64.1,4.8,57.0,8.0,13.0,69.0,72.1,51.5,42.0,27.0,321.0,155.0,198.0,40.0,50.0,54.4,86.5
asenapine,138.0,234.0,19.6,0.0,5.6,46.0,278.5,5.6,0.0,54.5,221.0,14.0,15.0,174.5,166.0,8.0,69.0,109.4,53.4,32.0,49.5,79.2,52.8,4.0,45.0,92.5,0.0,60.0,53.0,64.0,317.0,61.0,0.0,422.3,30.5,241.4,64.1,4.8,57.0,8.0,18.0,69.0,56.1,51.5,47.0,27.0,321.0,155.0,198.0,40.0,50.0,54.4,86.5
atenolol,18.0,26.0,6.0,3.2,1.2,10.0,6.0,38.0,8.0,54.0,16.0,2.8,5.4,28.0,14.0,3.6,16.0,8.0,18.0,21.6,20.0,8.0,56.0,36.0,8.0,8.0,8.0,55.2,88.0,12.0,28.0,1.4,2.4,1.2,24.0,15.6,12.0,8.0,14.0,28.0,8.0,60.0,10.0,59.6,3.4,8.0,6.0,14.0,1.8,8.0,9.0,10.0,26.0
atosiban,24.0,16.0,24.0,160.0,336.0,16.0,26.0,12.8,0.0,198.0,24.0,31.6,30.4,16.0,55.2,34.0,104.0,104.0,32.0,17.2,38.0,153.6,232.0,14.0,16.0,40.0,80.0,38.0,16.799999999999997,20.0,56.0,33.2,8.6,92.8,36.0,24.0,30.0,12.0,12.0,14.0,20.0,236.0,48.0,30.0,14.2,133.6,432.0,61.2,24.0,12.0,30.0,139.2,60.0
atropine,305.5,503.0,16.0,2.5,0.0,109.0,0.0,65.0,0.0,8.0,269.2,7.3,7.8,554.5,8.0,4.8,4.0,0.0,139.0,8.0,114.5,8.6,0.0,40.0,190.0,50.0,0.0,55.0,28.2,120.0,359.8,24.0,40.0,19.8,190.4,247.0,237.6,0.0,42.0,63.0,55.3,0.0,20.0,46.2,83.2,16.0,4.0,4.8,0.0,58.8,56.0,8.0,0.0
azelastine,48.0,48.0,8.0,0.0,5.6,16.0,176.0,5.6,0.0,48.0,8.0,0.0,0.0,40.0,72.0,8.0,56.0,88.0,32.0,32.0,32.0,64.0,48.0,4.0,16.0,16.0,0.0,56.0,48.0,24.0,16.0,48.0,0.0,4.8,24.0,6.4,56.0,4.8,32.0,8.0,8.0,64.0,5.6,48.0,8.0,24.0,104.0,128.0,128.0,40.0,40.0,40.0,72.0
baclofen,720.0,715.0,150.0,20.0,135.0,435.0,390.0,120.0,80.0,235.0,580.0,1160.0,1010.0,615.0,290.0,100.0,500.0,615.0,395.0,125.0,360.0,450.0,200.0,60.0,365.0,475.0,20.0,145.0,240.0,165.0,810.0,540.0,45.0,315.0,375.0,530.0,325.0,25.0,160.0,385.0,125.0,180.0,305.0,190.0,90.0,295.0,310.0,455.0,135.0,135.0,255.0,735.0,370.0
beclometasone dipropionate,0.0,0.0,2.5,0.0,0.0,0.0,5.0,4.0,2300.0,25.0,0.0,0.0,0.0,0.0,5.0,5.0,30.0,10.0,15.0,10.0,15.0,45.0,50.0,4.0,0.0,0.0,10.0,10.0,145.0,5.0,0.0,5.0,0.0,3.0,5.0,0.0,15.0,3.0,30.0,400.0,10.0,15.0,2.5,10.0,4.5,50.0,2.5,4.5,0.0,15.0,10.0,10.0,10.0
benperidol,14.0,19.5,18.5,3.0,5.0,15.0,18.5,3.5,0.0,13.5,175.0,44.0,55.0,25.0,15.0,10.0,20.0,40.0,25.0,10.0,20.0,39.5,10.0,2.5,14.5,50.0,5.0,24.0,10.0,50.0,225.0,45.0,10.0,470.0,29.0,210.0,27.5,5.0,15.0,10.0,10.0,15.0,50.0,23.5,45.0,25.0,15.0,50.0,4.0,10.0,20.0,38.0,28.0
benzquinamide,4.0,4.5,3.5,0.0,0.0,5.0,3.5,0.0,0.0,3.5,165.0,4.0,5.0,5.0,0.0,0.0,0.0,10.0,0.0,0.0,0.0,4.5,0.0,0.0,4.5,35.0,0.0,4.0,0.0,40.0,210.0,0.0,0.0,415.0,4.0,200.0,2.5,0.0,0.0,0.0,0.0,0.0,40.0,3.5,5.0,0.0,0.0,20.0,0.0,0.0,0.0,3.0,3.0
betaxolol,18.0,26.0,6.0,3.2,1.2,10.0,6.0,38.0,8.0,54.0,16.0,2.8,5.4,28.0,14.0,3.6,16.0,8.0,18.0,21.6,20.0,8.0,56.0,36.0,8.0,8.0,8.0,55.2,88.0,12.0,28.0,1.4,2.4,1.2,24.0,15.6,12.0,8.0,14.0,28.0,8.0,60.0,10.0,59.6,3.4,8.0,6.0,14.0,1.8,8.0,9.0,10.0,26.0
bethanechol,305.5,503.0,0.0,2.5,0.0,109.0,0.0,65.0,0.0,8.0,269.2,2.5,3.0,554.5,8.0,4.8,4.0,0.0,139.0,8.0,114.5,8.6,0.0,40.0,186.0,34.0,0.0,55.0,28.2,120.0,359.8,24.0,40.0,19.8,190.4,247.0,237.6,0.0,42.0,59.0,55.3,0.0,4.0,46.2,75.2,16.0,4.0,0.0,0.0,58.8,56.0,8.0,0.0
bimatoprost,4.0,0.0,0.0,0.0,32.0,0.0,24.0,8.0,0.0,88.0,0.0,0.0,0.0,0.0,64.0,16.0,64.0,40.0,80.0,8.0,24.0,72.0,32.0,0.0,7.2,16.0,7.2,80.0,24.0,56.0,0.0,40.0,7.2,0.0,16.0,0.0,24.0,8.0,24.0,4.0,8.0,160.0,0.0,64.0,7.2,16.0,104.0,440.0,384.0,16.0,48.0,176.0,56.0
biperiden,305.5,503.0,16.0,2.5,0.0,109.0,0.0,65.0,0.0,8.0,269.2,7.3,7.8,554.5,8.0,4.8,4.0,0.0,139.0,8.0,114.5,8.6,0.0,40.0,190.0,50.0,0.0,55.0,28.2,120.0,359.8,24.0,40.0,19.8,190.4,247.0,237.6,0.0,42.0,63.0,55.3,0.0,20.0,46.2,83.2,16.0,4.0,4.8,0.0,58.8,56.0,8.0,0.0
blonanserin,60.0,132.5,9.1,0.0,0.0,21.0,27.5,0.0,0.0,3.5,173.0,4.0,5.0,85.0,24.0,0.0,8.0,16.4,6.4,0.0,0.0,11.7,4.8,0.0,12.5,59.0,0.0,4.0,0.0,40.0,226.0,0.0,0.0,415.0,4.0,200.0,8.1,0.0,0.0,0.0,0.0,0.0,48.0,3.5,21.0,0.0,72.0,20.0,0.0,0.0,0.0,9.4,11.0
bosentan,252.0,153.0,198.0,0.0,252.0,243.0,63.0,207.0,7.2,477.0,459.0,81.0,126.0,144.0,162.0,180.0,423.0,324.0,144.0,36.0,153.0,234.0,720.0,117.0,144.0,297.0,99.0,144.0,684.0,90.0,423.0,54.0,54.0,81.0,216.0,387.0,117.0,63.0,126.0,144.0,81.0,630.0,297.0,135.0,36.0,450.0,126.0,234.0,72.0,81.0,189.0,216.0,234.0
brexpiprazole,4.0,4.5,3.5,0.0,0.0,5.0,3.5,0.0,0.0,3.5,165.0,4.0,5.0,5.0,0.0,0.0,0.0,10.0,0.0,0.0,0.0,4.5,0.0,0.0,4.5,35.0,0.0,4.0,0.0,40.0,210.0,0.0,0.0,415.0,4.0,200.0,2.5,0.0,0.0,0.0,0.0,0.0,40.0,3.5,5.0,0.0,0.0,20.0,0.0,0.0,0.0,3.0,3.0
brimonidine,55.0,57.5,25.0,0.0,45.0,34.5,1065.0,35.0,0.0,400.0,143.0,75.0,77.5,68.0,370.0,135.0,1165.0,2120.0,85.0,40.0,85.0,340.0,335.0,43.5,34.5,57.5,28.5,175.0,75.0,80.0,98.0,255.0,149.0,59.5,240.0,130.0,85.0,49.0,75.0,350.0,35.0,685.0,23.5,110.0,125.0,120.0,745.0,245.0,4.5,90.0,130.0,450.0,350.0
bromocriptine,172.0,261.5,59.6,7.8,186.0,100.5,1208.5,62.5,0.0,424.5,538.5,119.0,133.5,227.7,503.0,161.0,1231.2,2205.4,163.4,50.0,176.0,439.8,359.20000000000005,46.0,89.5,276.8,37.5,199.0,97.6,134.8,739.4,311.0,159.0,537.8,277.5,499.5,166.1,54.0,119.8,364.8,58.0,713.0,100.0,133.5,211.0,188.0,993.0,307.4,94.5,116.0,177.0,604.6,398.7
bumetanide,0.0,0.0,0.0,0.0,0.0,0.0,0.0,0.0,0.0,0.0,0.0,0.0,0.0,0.0,0.0,0.0,0.0,0.0,0.0,0.0,0.0,0.0,0.0,0.0,0.0,0.0,0.0,0.0,0.0,0.0,0.0,0.0,0.0,0.0,0.0,0.0,0.0,0.0,0.0,0.0,0.0,0.0,0.0,0.0,0.0,0.0,0.0,0.0,0.0,0.0,0.0,0.0,0.0
bupranolol,18.0,26.0,6.0,3.2,1.2,10.0,6.0,38.0,8.0,54.0,16.0,2.8,5.4,28.0,14.0,3.6,16.0,9.0,26.0,21.6,34.0,28.0,56.0,36.0,8.0,8.0,8.0,55.2,88.0,12.0,28.0,57.4,2.4,1.2,25.2,15.6,18.0,8.0,14.0,28.0,8.0,60.0,10.0,59.6,3.4,8.0,6.0,14.0,1.8,9.6,21.0,12.0,26.0
buprenorphine,10.0,10.0,0.0,0.0,0.0,5.0,0.0,0.0,0.0,0.0,10.0,10.0,15.0,5.0,0.0,0.0,0.0,0.0,0.0,0.0,0.0,0.0,0.0,0.0,2.5,15.0,0.0,0.0,0.0,0.0,20.0,0.0,0.0,0.0,0.0,3.5,0.0,0.0,0.0,0.0,0.0,0.0,0.0,0.0,14.5,0.0,0.0,0.0,0.0,0.0,0.0,0.0,0.0
buserelin,16.0,16.0,32.0,40.0,16.0,16.0,144.0,32.0,24.0,80.0,24.0,168.0,160.0,24.0,104.0,40.0,104.0,136.0,96.0,64.0,88.0,104.0,56.0,24.0,16.0,24.0,16.0,120.0,80.0,72.0,24.0,136.0,24.0,80.0,120.0,32.0,88.0,16.0,72.0,104.0,40.0,80.0,24.0,104.0,72.0,80.0,112.0,400.0,72.0,72.0,64.0,112.0,128.0
buspirone,10.0,15.0,0.0,0.0,0.0,0.0,0.0,0.0,0.0,0.0,0.0,0.0,0.0,15.0,0.0,0.0,0.0,0.0,0.0,0.0,0.0,0.0,0.0,0.0,10.0,3.0,0.0,0.0,0.0,0.0,0.0,0.0,0.0,0.0,0.0,0.0,0.0,0.0,0.0,0.0,0.0,0.0,0.0,0.0,0.0,0.0,0.0,0.0,0.0,0.0,0.0,0.0,0.0
butorphanol,10.0,10.0,0.0,0.0,0.0,5.0,0.0,0.0,0.0,0.0,10.0,10.0,15.0,5.0,0.0,0.0,0.0,0.0,0.0,0.0,0.0,0.0,0.0,0.0,2.5,15.0,0.0,0.0,0.0,0.0,20.0,0.0,0.0,0.0,0.0,3.5,0.0,0.0,0.0,0.0,0.0,0.0,0.0,0.0,14.5,0.0,0.0,0.0,0.0,0.0,0.0,0.0,0.0
cabergoline,186.0,265.5,64.4,7.8,186.0,108.5,1208.5,62.5,0.0,440.5,539.7,125.4,149.5,231.7,507.8,161.0,1238.4,2210.2000000000003,171.4,50.0,180.0,439.8,383.20000000000005,62.0,97.5,283.8,181.5,203.8,137.6,140.4,733.4,316.6,159.0,537.8,301.5,499.1,174.1,54.0,127.8,396.8,62.8,737.0,105.6,137.5,218.0,188.0,1009.0,307.4,94.5,120.8,181.8,611.8000000000001,398.7
caffeine,21.0,16.5,9.0,9.5,64.0,13.0,371.8,11.6,13.600000000000001,24.0,15.4,12.6,17.0,19.0,252.0,36.0,69.0,66.0,44.0,39.0,52.0,46.0,32.0,12.0,13.0,11.0,27.0,30.0,54.0,9.0,17.3,25.0,6.5,23.0,31.0,14.4,28.0,5.2,29.0,75.4,16.8,32.0,9.0,34.0,18.0,37.0,367.0,89.0,33.0,37.0,21.0,54.0,50.0
calcitonin,1.2,1.2,0.0,0.0,0.0,0.0,0.0,0.0,0.0,0.0,1.6,0.0,0.0,1.6,0.0,1.8,1.4,0.0,0.0,0.0,0.0,1.8,0.0,0.0,1.0,6.0,0.0,0.0,0.0,0.0,2.0,1.0,5400.0,0.0,0.0,1.2,0.0,0.0,0.0,1.2,0.0,0.0,0.0,0.0,1.8,0.0,0.0,1.4,0.0,0.0,0.0,0.0,0.0
calcitonin (salmon),0.0,0.0,0.0,0.0,0.0,0.0,0.0,0.0,0.0,0.0,0.0,0.0,0.0,0.0,0.0,1.8,0.0,0.0,0.0,0.0,0.0,0.0,0.0,0.0,0.0,6.0,0.0,0.0,0.0,0.0,0.0,0.0,0.0,0.0,0.0,0.0,0.0,0.0,0.0,0.0,0.0,0.0,0.0,0.0,1.8,0.0,0.0,0.0,0.0,0.0,0.0,0.0,0.0
candesartan,0.0,0.0,0.0,0.0,324.0,0.0,63.0,63.0,0.0,369.0,0.0,0.0,0.0,0.0,90.0,54.0,54.0,72.0,99.0,18.0,90.0,117.0,342.0,18.0,0.0,5.3999999999999995,288.0,162.0,135.0,45.0,0.0,27.0,18.0,18.0,54.0,0.0,225.0,54.0,27.0,54.0,27.0,729.0,6.3,72.0,27.0,180.0,153.0,135.0,72.0,54.0,90.0,54.0,54.0
cangrelor,10.0,5.0,25.0,0.0,5.0,10.0,5.0,0.0,375.0,5.0,10.0,4.0,3.0,5.0,5.0,2.5,0.0,5.0,4.0,5.0,4.0,10.0,10.0,0.0,10.0,15.0,3.5,4.0,35.0,5.0,10.0,0.0,0.0,4.5,5.0,10.0,5.0,0.0,25.0,420.0,3.5,10.0,20.0,4.0,0.0,4.0,4.0,5.0,0.0,10.0,3.5,3.5,3.5
carazolol,2.0,2.0,4.0,1.8,1.2,2.0,6.0,8.0,8.0,50.0,2.0,1.0,1.4,2.0,10.0,1.6,16.0,9.0,18.0,20.0,24.0,28.0,44.0,6.0,2.0,2.0,8.0,54.0,38.0,12.0,2.0,57.4,1.0,1.2,13.2,1.6,12.0,8.0,6.0,22.0,6.0,54.0,4.0,58.0,1.4,6.0,6.0,14.0,1.8,5.6,20.0,12.0,26.0
carbachol,305.5,503.0,16.0,2.5,0.0,109.0,0.0,65.0,0.0,8.0,269.2,7.3,7.8,554.5,8.0,4.8,4.0,0.0,139.0,8.0,114.5,8.6,0.0,40.0,190.0,50.0,0.0,55.0,28.2,120.0,359.8,24.0,40.0,19.8,190.4,247.0,237.6,0.0,42.0,63.0,55.3,0.0,20.0,46.2,83.2,16.0,4.0,4.8,0.0,58.8,56.0,8.0,0.0
cariprazine,4.0,4.5,3.5,0.0,0.0,5.0,3.5,0.0,0.0,3.5,167.5,4.0,5.0,5.0,0.0,0.0,0.0,10.0,0.0,0.0,0.0,4.5,0.0,0.0,4.5,35.0,0.0,4.0,0.0,40.0,225.0,0.0,0.0,415.0,4.0,202.5,2.5,0.0,0.0,0.0,0.0,0.0,40.0,3.5,10.0,0.0,0.0,20.0,0.0,0.0,0.0,3.0,3.0
carvedilol,18.0,26.0,6.0,3.2,1.2,10.0,6.0,38.0,8.0,54.0,16.0,2.8,5.4,28.0,14.0,3.6,16.0,9.0,26.0,21.6,34.0,28.0,56.0,36.0,8.0,8.0,8.0,55.2,88.0,12.0,28.0,57.4,2.4,1.2,25.2,15.6,18.0,8.0,14.0,28.0,8.0,60.0,10.0,59.6,3.4,8.0,6.0,14.0,1.8,9.6,21.0,12.0,26.0
cetirizine,48.0,48.0,8.0,0.0,5.6,16.0,176.0,5.6,0.0,48.0,8.0,0.0,0.0,40.0,72.0,8.0,56.0,88.0,32.0,32.0,32.0,64.0,48.0,4.0,16.0,16.0,0.0,56.0,48.0,24.0,16.0,48.0,0.0,4.8,24.0,6.4,56.0,4.8,32.0,8.0,8.0,64.0,5.6,48.0,8.0,24.0,104.0,128.0,128.0,40.0,40.0,40.0,72.0
cetrorelix,16.0,16.0,32.0,40.0,16.0,16.0,144.0,32.0,24.0,80.0,24.0,168.0,160.0,24.0,104.0,40.0,104.0,136.0,96.0,64.0,88.0,104.0,56.0,24.0,16.0,24.0,16.0,120.0,80.0,72.0,24.0,136.0,24.0,80.0,120.0,32.0,88.0,16.0,72.0,104.0,40.0,80.0,24.0,104.0,72.0,80.0,112.0,400.0,72.0,72.0,64.0,112.0,128.0
chenodeoxycholic acid,5.0,10.0,40.0,0.0,37.0,10.0,79.0,24.0,7218.0,44.0,10.0,5.0,4.5,5.0,78.0,16.8,16.6,21.2,19.0,11.2,24.0,69.0,137.0,11.4,10.0,20.0,16.4,7.0,326.0,16.4,10.0,19.0,11.6,12.0,17.0,5.0,26.0,5.0,19.0,881.0,21.0,74.0,20.0,7.0,18.0,29.0,36.6,49.0,25.0,14.0,33.0,17.0,16.6
chloroquine,0.0,0.0,0.0,0.0,0.0,0.0,0.0,0.0,0.0,0.0,0.0,0.0,0.0,0.0,0.0,0.0,0.0,0.0,0.0,0.0,0.0,0.0,0.0,0.0,0.0,0.0,0.0,0.0,0.0,0.0,0.0,0.0,0.0,0.0,0.0,0.0,0.0,0.0,0.0,0.0,0.0,0.0,0.0,0.0,0.0,0.0,0.0,0.0,0.0,0.0,0.0,0.0,0.0
chlorpheniramine,48.0,48.0,8.0,0.0,5.6,16.0,176.0,5.6,0.0,48.0,8.0,0.0,0.0,40.0,72.0,8.0,56.0,88.0,32.0,32.0,32.0,64.0,48.0,4.0,16.0,16.0,0.0,56.0,48.0,24.0,16.0,48.0,0.0,4.8,24.0,6.4,56.0,4.8,32.0,8.0,8.0,64.0,5.6,48.0,8.0,24.0,104.0,128.0,128.0,40.0,40.0,40.0,72.0
chlorpromazine,217.0,297.8,65.1,3.0,55.6,110.5,1291.5,44.1,0.0,462.7,516.5,119.0,133.5,254.6,485.0,153.0,1251.2,2257.8,148.4,83.6,137.0,452.3,399.2,50.0,104.4,287.3,33.5,256.8,136.2,155.0,695.4,348.0,159.0,535.3,296.0,480.9,175.29999999999998,58.8,124.0,369.0,59.0,766.0,103.1,182.5,232.0,169.0,937.4,426.4,146.5,141.0,195.0,535.6,461.2
cholic acid,0.0,0.0,0.0,0.0,2.0,0.0,4.0,4.0,18.0,14.0,0.0,0.0,0.0,0.0,8.0,1.8,1.6,1.2,4.0,1.2,4.0,4.0,22.0,1.4,0.0,0.0,1.4,2.0,6.0,1.4,0.0,4.0,1.6,2.0,2.0,0.0,6.0,0.0,4.0,16.0,6.0,24.0,0.0,2.0,8.0,4.0,1.6,4.0,0.0,4.0,8.0,2.0,1.6
cimetidine,16.0,32.0,5.6,0.0,4.8,4.0,16.0,24.0,376.0,16.0,16.0,0.0,0.0,24.0,40.0,5.6,16.0,16.0,7.2,4.0,7.2,24.0,24.0,32.0,4.0,4.0,0.0,8.0,40.0,5.6,24.0,4.8,0.0,4.0,16.0,16.0,4.8,0.0,6.4,48.0,56.0,32.0,0.0,4.0,4.8,8.0,32.0,16.0,0.0,0.0,8.0,16.0,8.0
cinacalcet,0.0,0.0,0.0,6.3,0.0,0.0,0.0,0.0,0.0,0.0,0.0,0.0,0.0,0.0,0.0,54.0,0.0,0.0,0.0,0.0,0.0,0.0,0.0,0.0,0.0,0.0,0.0,0.0,0.0,0.0,0.0,0.0,63.0,0.0,0.0,0.0,0.0,0.0,0.0,0.0,0.0,0.0,0.0,0.0,4.5,0.0,0.0,0.0,0.0,0.0,0.0,0.0,0.0
clemastine,48.0,48.0,8.0,0.0,5.6,16.0,176.0,5.6,0.0,48.0,8.0,0.0,0.0,40.0,72.0,8.0,56.0,88.0,32.0,32.0,32.0,64.0,48.0,4.0,16.0,16.0,0.0,56.0,48.0,24.0,16.0,48.0,0.0,4.8,24.0,6.4,56.0,4.8,32.0,8.0,8.0,64.0,5.6,48.0,8.0,24.0,104.0,128.0,128.0,40.0,40.0,40.0,72.0
clidinium,40.0,72.0,0.0,0.0,0.0,8.0,0.0,0.0,0.0,4.0,7.2,0.0,0.0,56.0,8.0,4.8,0.0,0.0,96.0,8.0,96.0,5.6,0.0,0.0,8.0,8.0,0.0,8.0,7.2,32.0,4.8,24.0,40.0,4.8,6.4,8.0,72.0,0.0,8.0,4.0,48.0,0.0,0.0,7.2,7.2,16.0,4.0,0.0,0.0,24.0,16.0,8.0,0.0
clonidine,55.0,57.5,25.0,0.0,45.0,34.5,1065.0,35.0,0.0,400.0,143.0,75.0,77.5,68.0,370.0,135.0,1165.0,2120.0,85.0,40.0,85.0,340.0,335.0,43.5,34.5,57.5,28.5,175.0,75.0,80.0,98.0,255.0,149.0,59.5,240.0,130.0,85.0,49.0,75.0,350.0,35.0,685.0,23.5,110.0,125.0,120.0,745.0,245.0,4.5,90.0,130.0,450.0,350.0
clozapine,345.0,465.8,54.9,7.8,174.6,133.4,773.5,49.1,0.0,141.7,459.7,228.4,238.0,404.09999999999997,261.8,58.0,274.4,315.09999999999997,150.4,43.6,152.7,294.79999999999995,179.70000000000002,30.5,142.4,319.3,233.0,109.0,226.29999999999998,89.39999999999999,718.0,174.8,10.0,494.6,132.9,416.7,178.29999999999998,9.8,102.8,255.8,55.6,179.0,101.7,88.5,167.4,142.5,561.4,310.4,300.0,87.8,135.0,261.3,167.5
codeine,0.0,0.0,0.0,0.0,0.0,0.0,0.0,0.0,0.0,0.0,0.0,5.0,10.0,0.0,0.0,0.0,0.0,0.0,0.0,0.0,0.0,0.0,0.0,0.0,0.0,0.0,0.0,0.0,0.0,0.0,0.0,0.0,0.0,0.0,0.0,0.0,0.0,0.0,0.0,0.0,0.0,0.0,0.0,0.0,10.0,0.0,0.0,0.0,0.0,0.0,0.0,0.0,0.0
conivaptan,0.0,0.0,0.0,0.0,336.0,0.0,18.0,8.8,0.0,134.0,0.0,10.0,8.0,0.0,48.0,30.0,100.0,88.0,32.0,10.0,34.0,148.0,232.0,14.0,0.0,0.0,80.0,38.0,11.2,20.0,0.0,17.2,8.6,8.0,28.0,0.0,30.0,12.0,12.0,7.6,20.0,236.0,0.0,30.0,8.6,128.0,428.0,54.0,0.0,12.0,30.0,132.0,56.0
corticotropin zinc hydroxide,0.0,0.0,0.0,0.0,88.0,0.0,0.0,0.0,0.0,0.0,0.0,0.0,0.0,0.0,0.0,0.0,0.0,0.0,0.0,0.0,0.0,0.0,0.0,0.0,0.0,0.0,0.0,0.0,0.0,0.0,0.0,0.0,0.0,2.0,0.0,0.0,0.0,0.0,0.0,0.0,0.0,0.0,0.0,0.0,1.2,0.0,0.0,0.0,0.0,0.0,0.0,0.0,0.0
cosyntropin,0.0,0.0,0.0,0.0,88.0,0.0,0.0,0.0,0.0,0.0,0.0,0.0,0.0,0.0,0.0,0.0,0.0,0.0,0.0,0.0,0.0,0.0,0.0,0.0,0.0,0.0,0.0,0.0,0.0,0.0,0.0,0.0,0.0,2.0,0.0,0.0,0.0,0.0,0.0,0.0,0.0,0.0,0.0,0.0,1.2,0.0,0.0,0.0,0.0,0.0,0.0,0.0,0.0
cyclizine,48.0,48.0,8.0,0.0,5.6,16.0,176.0,5.6,0.0,48.0,8.0,0.0,0.0,40.0,72.0,8.0,56.0,88.0,32.0,32.0,32.0,64.0,48.0,4.0,16.0,16.0,0.0,56.0,48.0,24.0,16.0,48.0,0.0,4.8,24.0,6.4,56.0,4.8,32.0,8.0,8.0,64.0,5.6,48.0,8.0,24.0,104.0,128.0,128.0,40.0,40.0,40.0,72.0
cyclosporin A,5.0,10.0,40.0,0.0,35.0,10.0,75.0,20.0,7200.0,30.0,10.0,5.0,4.5,5.0,70.0,15.0,15.0,20.0,15.0,10.0,20.0,65.0,115.0,10.0,10.0,20.0,15.0,5.0,320.0,15.0,10.0,15.0,10.0,10.0,15.0,5.0,20.0,5.0,15.0,865.0,15.0,50.0,20.0,5.0,10.0,25.0,35.0,45.0,25.0,10.0,25.0,15.0,15.0
cyproheptadine,180.0,165.8,16.8,0.0,33.6,54.4,630.0,21.6,0.0,113.2,45.2,14.4,32.0,173.4,128.8,32.0,208.2,222.20000000000002,72.0,33.6,59.2,192.0,152.0,28.0,73.4,61.0,224.0,85.0,201.2,34.6,51.6,108.8,0.0,12.8,95.4,33.2,97.2,4.8,58.0,241.0,27.6,146.0,15.2,65.0,69.4,72.0,313.4,242.0,210.0,61.8,88.0,103.2,118.8
dapiprazole,16.0,24.0,0.0,0.0,4.0,6.4,88.0,0.0,0.0,16.0,8.0,0.0,0.0,24.0,8.0,0.0,136.0,120.0,16.0,0.0,7.2,40.0,16.0,0.0,24.0,8.0,0.0,6.4,40.0,4.0,5.6,7.2,0.0,0.0,40.0,7.2,24.0,0.0,0.0,24.0,4.8,16.0,0.0,4.8,16.0,16.0,16.0,72.0,0.0,8.0,32.0,40.0,40.0
darifenacin,305.5,503.0,16.0,2.5,0.0,109.0,0.0,65.0,0.0,8.0,269.2,7.3,7.8,554.5,8.0,4.8,4.0,0.0,139.0,8.0,114.5,8.6,0.0,40.0,190.0,50.0,0.0,55.0,28.2,120.0,359.8,24.0,40.0,19.8,190.4,247.0,237.6,0.0,42.0,63.0,55.3,0.0,20.0,46.2,83.2,16.0,4.0,4.8,0.0,58.8,56.0,8.0,0.0
degarelix,16.0,16.0,32.0,40.0,16.0,16.0,144.0,32.0,24.0,80.0,24.0,168.0,160.0,24.0,104.0,40.0,104.0,136.0,96.0,64.0,88.0,104.0,56.0,24.0,16.0,24.0,16.0,120.0,80.0,72.0,24.0,136.0,24.0,80.0,120.0,32.0,88.0,16.0,72.0,104.0,40.0,80.0,24.0,104.0,72.0,80.0,112.0,400.0,72.0,72.0,64.0,112.0,128.0
deoxycholic acid,5.0,10.0,40.0,0.0,37.0,10.0,79.0,24.0,7218.0,44.0,10.0,5.0,4.5,5.0,78.0,16.8,16.6,21.2,19.0,11.2,24.0,69.0,137.0,11.4,10.0,20.0,16.4,7.0,326.0,16.4,10.0,19.0,11.6,12.0,17.0,5.0,26.0,5.0,19.0,881.0,21.0,74.0,20.0,7.0,18.0,29.0,36.6,49.0,25.0,14.0,33.0,17.0,16.6
desloratadine,48.0,48.0,8.0,0.0,5.6,16.0,176.0,5.6,0.0,48.0,8.0,0.0,0.0,40.0,72.0,8.0,56.0,88.0,32.0,32.0,32.0,64.0,48.0,4.0,16.0,16.0,0.0,56.0,48.0,24.0,16.0,48.0,0.0,4.8,24.0,6.4,56.0,4.8,32.0,8.0,8.0,64.0,5.6,48.0,8.0,24.0,104.0,128.0,128.0,40.0,40.0,40.0,72.0
desmopressin,0.0,0.0,0.0,0.0,336.0,0.0,18.0,8.8,0.0,134.0,0.0,10.0,8.0,0.0,48.0,30.0,100.0,88.0,32.0,10.0,34.0,148.0,232.0,14.0,0.0,0.0,80.0,38.0,11.2,20.0,0.0,17.2,8.6,8.0,28.0,0.0,30.0,12.0,12.0,7.6,20.0,236.0,0.0,30.0,8.6,128.0,428.0,54.0,0.0,12.0,30.0,132.0,56.0
dexamfetamine,0.0,0.0,0.0,0.0,0.0,0.0,0.0,0.0,0.0,0.0,0.0,0.0,0.0,0.0,0.0,0.0,0.0,0.0,0.0,0.0,0.0,0.0,0.0,0.0,0.0,0.0,0.0,0.0,0.0,0.0,0.0,0.0,0.0,0.0,0.0,0.0,0.0,0.0,0.0,0.0,0.0,0.0,0.0,0.0,0.0,0.0,0.0,0.0,0.0,0.0,0.0,0.0,0.0
dexetimide,2.5,4.0,0.0,0.0,0.0,0.0,0.0,65.0,0.0,0.0,0.0,0.0,0.0,2.5,0.0,0.0,4.0,0.0,40.0,0.0,15.0,0.0,0.0,40.0,0.0,5.0,0.0,0.0,5.0,0.0,0.0,0.0,0.0,0.0,0.0,0.0,145.0,0.0,0.0,0.0,2.5,0.0,0.0,0.0,3.0,0.0,0.0,0.0,0.0,25.0,40.0,0.0,0.0
dexmedetomidine,55.0,57.5,25.0,0.0,45.0,34.5,1065.0,35.0,0.0,400.0,143.0,75.0,77.5,68.0,370.0,135.0,1165.0,2120.0,85.0,40.0,85.0,340.0,335.0,43.5,34.5,57.5,28.5,175.0,75.0,80.0,98.0,255.0,149.0,59.5,240.0,130.0,85.0,49.0,75.0,350.0,35.0,685.0,23.5,110.0,125.0,120.0,745.0,245.0,4.5,90.0,130.0,450.0,350.0
diazepam,16.0,8.0,4.8,0.0,0.0,8.0,0.0,0.0,0.0,16.0,7.2,6.4,16.0,8.0,4.8,0.0,7.2,4.8,8.0,0.0,4.0,0.0,24.0,16.0,8.0,8.0,144.0,4.8,40.0,5.6,4.0,5.6,0.0,0.0,24.0,5.6,8.0,0.0,8.0,32.0,4.8,24.0,5.6,4.0,8.0,0.0,16.0,0.0,0.0,4.8,4.8,7.2,0.0
dicyclomine,290.5,468.0,0.0,0.0,0.0,104.0,0.0,65.0,0.0,8.0,199.2,0.0,0.0,514.5,8.0,4.8,4.0,0.0,136.0,8.0,111.0,5.6,0.0,40.0,176.0,29.0,0.0,40.0,28.2,120.0,284.8,24.0,40.0,4.8,190.4,192.0,222.6,0.0,12.0,4.0,55.3,0.0,4.0,31.2,10.2,16.0,4.0,0.0,0.0,53.8,56.0,8.0,0.0
dihydroergotamine,22.0,40.3,2.5,0.0,0.0,9.0,81.0,0.0,0.0,8.2,40.0,10.0,10.0,35.9,74.0,0.0,6.0,11.4,15.0,1.6,17.5,6.5,3.5,0.0,7.9,18.5,0.0,1.8,8.7,1.0,75.0,13.0,0.0,6.0,3.5,35.0,1.2,0.0,27.0,1.0,12.0,12.0,2.5,1.0,48.0,5.5,146.4,12.5,80.0,1.0,14.0,8.5,5.5
diphenhydramine,48.0,48.0,8.0,0.0,5.6,16.0,176.0,5.6,0.0,48.0,8.0,0.0,0.0,40.0,72.0,8.0,56.0,88.0,32.0,32.0,32.0,64.0,48.0,4.0,16.0,16.0,0.0,56.0,48.0,24.0,16.0,48.0,0.0,4.8,24.0,6.4,56.0,4.8,32.0,8.0,8.0,64.0,5.6,48.0,8.0,24.0,104.0,128.0,128.0,40.0,40.0,40.0,72.0
dobutamine,18.0,26.0,6.0,3.2,1.2,10.0,6.0,38.0,8.0,54.0,16.0,2.8,5.4,28.0,14.0,3.6,16.0,8.0,18.0,21.6,20.0,8.0,56.0,36.0,8.0,8.0,8.0,55.2,88.0,12.0,28.0,1.4,2.4,1.2,24.0,15.6,12.0,8.0,14.0,28.0,8.0,60.0,10.0,59.6,3.4,8.0,6.0,14.0,1.8,8.0,9.0,10.0,26.0
domperidone,4.0,4.5,3.5,0.0,0.0,5.0,3.5,0.0,0.0,3.5,167.5,4.0,5.0,5.0,0.0,0.0,0.0,10.0,0.0,0.0,0.0,4.5,0.0,0.0,4.5,35.0,0.0,4.0,0.0,40.0,225.0,0.0,0.0,415.0,4.0,202.5,2.5,0.0,0.0,0.0,0.0,0.0,40.0,3.5,10.0,0.0,0.0,20.0,0.0,0.0,0.0,3.0,3.0
dopamine,28.0,35.5,18.5,3.0,5.0,20.0,20.5,3.5,0.0,13.5,239.5,44.0,56.0,39.0,15.0,10.0,21.2,42.0,25.0,10.0,20.0,41.1,11.4,2.5,18.5,53.8,5.0,24.0,12.0,50.0,307.4,45.0,10.0,471.0,31.0,266.5,27.5,5.0,15.0,10.0,14.0,15.0,50.0,23.5,52.0,25.0,15.0,51.4,4.0,10.0,21.0,39.2,29.2
dosulepin,353.5,551.0,24.0,2.5,5.6,125.0,176.0,70.6,0.0,56.0,277.2,7.3,7.8,594.5,80.0,12.8,60.0,88.0,171.0,40.0,146.5,72.6,48.0,44.0,206.0,66.0,0.0,111.0,76.2,144.0,375.8,72.0,40.0,24.6,214.4,253.4,293.6,4.8,74.0,71.0,63.3,64.0,25.6,94.2,91.2,40.0,108.0,132.8,128.0,98.8,96.0,48.0,72.0
doxazosin,128.0,112.0,8.8,0.0,28.0,38.4,448.0,16.0,0.0,64.0,31.2,14.4,32.0,128.0,52.8,24.0,151.2,132.8,40.0,0.0,27.2,128.0,104.0,24.0,56.0,40.0,224.0,27.2,152.0,9.6,25.6,60.8,0.0,8.0,70.4,20.8,40.0,0.0,24.0,232.0,17.6,80.0,9.6,16.0,30.4,48.0,208.0,112.0,72.0,20.8,44.0,63.2,44.8
doxepin,48.0,48.0,8.0,0.0,5.6,16.0,176.0,5.6,0.0,48.0,8.0,0.0,0.0,40.0,72.0,8.0,56.0,88.0,32.0,32.0,32.0,64.0,48.0,4.0,16.0,16.0,0.0,56.0,48.0,24.0,16.0,48.0,0.0,4.8,24.0,6.4,56.0,4.8,32.0,8.0,8.0,64.0,5.6,48.0,8.0,24.0,104.0,128.0,128.0,40.0,40.0,40.0,72.0
duloxetine,74.0,140.0,13.6,0.0,0.0,40.0,24.0,0.0,0.0,0.0,126.0,0.0,0.0,91.2,24.0,0.0,8.0,6.4,6.4,0.0,0.0,7.2,4.8,0.0,24.0,153.0,0.0,0.0,0.0,0.0,274.0,0.0,0.0,0.0,0.0,78.0,5.6,0.0,0.0,0.0,0.0,0.0,24.0,0.0,17.0,0.0,72.0,0.0,0.0,0.0,0.0,6.4,8.0
eletriptan,30.0,53.5,2.5,0.0,0.0,9.0,75.0,0.0,0.0,7.0,40.0,10.0,10.0,49.5,70.0,0.0,5.0,10.0,15.0,0.0,17.5,6.5,3.5,0.0,16.5,17.5,0.0,0.0,7.5,0.0,75.0,13.0,0.0,6.0,2.5,35.0,0.0,0.0,25.0,0.0,10.0,10.0,2.5,0.0,18.0,5.5,145.0,10.5,70.0,0.0,10.0,8.5,3.5
eluxadoline,0.0,0.0,0.0,0.0,0.0,0.0,0.0,0.0,0.0,0.0,0.0,5.0,10.0,0.0,0.0,0.0,0.0,0.0,0.0,0.0,0.0,0.0,0.0,0.0,0.0,0.0,0.0,0.0,0.0,0.0,0.0,0.0,0.0,0.0,0.0,0.0,0.0,0.0,0.0,0.0,0.0,0.0,0.0,0.0,10.0,0.0,0.0,0.0,0.0,0.0,0.0,0.0,0.0
ephedrine,2.0,2.0,4.0,1.8,1.2,2.0,6.0,8.0,8.0,50.0,2.0,1.0,1.4,2.0,10.0,1.6,16.0,8.0,10.0,20.0,10.0,8.0,44.0,6.0,2.0,2.0,8.0,54.0,38.0,12.0,2.0,1.4,1.0,1.2,12.0,1.6,6.0,8.0,6.0,22.0,6.0,54.0,4.0,58.0,1.4,6.0,6.0,14.0,1.8,4.0,8.0,10.0,26.0
epinastine,48.0,48.0,8.0,0.0,5.6,16.0,176.0,5.6,0.0,48.0,8.0,0.0,0.0,40.0,72.0,8.0,56.0,88.0,32.0,32.0,32.0,64.0,48.0,4.0,16.0,16.0,0.0,56.0,48.0,24.0,16.0,48.0,0.0,4.8,24.0,6.4,56.0,4.8,32.0,8.0,8.0,64.0,5.6,48.0,8.0,24.0,104.0,128.0,128.0,40.0,40.0,40.0,72.0
eprosartan,0.0,0.0,0.0,0.0,324.0,0.0,63.0,63.0,0.0,369.0,0.0,0.0,0.0,0.0,90.0,54.0,54.0,72.0,99.0,18.0,90.0,117.0,342.0,18.0,0.0,5.3999999999999995,288.0,162.0,135.0,45.0,0.0,27.0,18.0,18.0,54.0,0.0,225.0,54.0,27.0,54.0,27.0,729.0,6.3,72.0,27.0,180.0,153.0,135.0,72.0,54.0,90.0,54.0,54.0
ergometrine,15.0,25.0,0.0,0.0,0.0,3.0,0.0,0.0,0.0,0.0,10.0,10.0,10.0,20.0,0.0,0.0,0.0,0.0,0.0,0.0,2.5,0.0,0.0,0.0,4.0,5.0,0.0,0.0,0.0,0.0,15.0,10.0,0.0,0.0,0.0,10.0,0.0,0.0,0.0,0.0,5.0,0.0,0.0,0.0,5.0,0.0,0.0,0.0,0.0,0.0,0.0,0.0,0.0
ergotamine,124.0,243.5,17.1,4.8,136.0,56.0,48.0,24.0,0.0,12.0,171.0,170.0,150.0,170.7,48.0,16.0,40.0,43.4,38.4,0.0,58.5,58.2,16.3,0.0,38.0,197.5,4.0,0.0,8.1,4.8,349.0,18.0,0.0,8.3,4.0,118.0,53.6,0.0,29.8,4.8,9.0,13.0,34.0,0.0,34.0,42.5,88.0,10.0,16.0,16.0,16.0,113.9,16.0
erythromycin-A,0.0,0.0,0.0,0.0,0.0,0.0,0.0,0.0,0.0,0.0,0.0,0.0,0.0,0.0,0.0,0.0,0.0,0.0,0.0,0.0,0.0,0.0,0.0,0.0,0.0,0.0,0.0,0.0,0.0,0.0,0.0,0.0,0.0,0.0,0.0,0.0,0.0,0.0,0.0,0.0,0.0,0.0,0.0,0.0,4.0,4.0,0.0,0.0,0.0,0.0,0.0,0.0,0.0
esmolol,16.0,24.0,2.0,1.4,0.0,8.0,0.0,30.0,0.0,4.0,14.0,1.8,4.0,26.0,4.0,2.0,0.0,0.0,8.0,1.6,10.0,0.0,12.0,30.0,6.0,6.0,0.0,1.2,50.0,0.0,26.0,0.0,1.4,0.0,12.0,14.0,6.0,0.0,8.0,6.0,2.0,6.0,6.0,1.6,2.0,2.0,0.0,0.0,0.0,4.0,1.0,0.0,0.0
etelcalcetide,0.0,0.0,0.0,6.3,0.0,0.0,0.0,0.0,0.0,0.0,0.0,0.0,0.0,0.0,0.0,54.0,0.0,0.0,0.0,0.0,0.0,0.0,0.0,0.0,0.0,0.0,0.0,0.0,0.0,0.0,0.0,0.0,63.0,0.0,0.0,0.0,0.0,0.0,0.0,0.0,0.0,0.0,0.0,0.0,4.5,0.0,0.0,0.0,0.0,0.0,0.0,0.0,0.0
exendin-4,0.0,0.0,0.0,0.0,0.0,0.0,0.0,4.0,0.0,0.0,1.2,0.0,0.0,0.0,0.0,0.0,0.0,0.0,0.0,0.0,0.0,0.0,0.0,1.4,0.0,1.0,0.0,0.0,0.0,0.0,0.0,0.0,12.0,0.0,0.0,0.0,0.0,0.0,0.0,0.0,1.0,0.0,0.0,0.0,2.0,0.0,0.0,2.0,0.0,0.0,0.0,0.0,0.0
famotidine,16.0,32.0,5.6,0.0,4.8,4.0,16.0,24.0,376.0,16.0,16.0,0.0,0.0,24.0,40.0,5.6,16.0,16.0,7.2,4.0,7.2,24.0,24.0,32.0,4.0,4.0,0.0,8.0,40.0,5.6,24.0,4.8,0.0,4.0,16.0,16.0,4.8,0.0,6.4,48.0,56.0,32.0,0.0,4.0,4.8,8.0,32.0,16.0,0.0,0.0,8.0,16.0,8.0
fenoldopam,18.0,27.0,15.0,3.0,5.0,14.0,17.0,3.5,0.0,10.0,70.0,40.0,51.0,30.0,15.0,10.0,21.2,32.0,25.0,10.0,20.0,36.6,11.4,2.5,12.0,16.8,5.0,20.0,12.0,10.0,81.0,45.0,10.0,55.0,27.0,62.0,25.0,5.0,15.0,10.0,10.0,15.0,10.0,20.0,40.0,25.0,15.0,31.4,4.0,10.0,21.0,36.2,26.2
fenoterol,2.0,2.0,4.0,1.8,1.2,2.0,6.0,8.0,8.0,50.0,2.0,1.0,1.4,2.0,10.0,1.6,16.0,8.0,10.0,20.0,10.0,8.0,44.0,6.0,2.0,2.0,8.0,54.0,38.0,12.0,2.0,1.4,1.0,1.2,12.0,1.6,6.0,8.0,6.0,22.0,6.0,54.0,4.0,58.0,1.4,6.0,6.0,14.0,1.8,4.0,8.0,10.0,26.0
fentanyl,20.0,25.0,0.0,0.0,0.0,8.5,0.0,0.0,0.0,0.0,15.0,10.0,15.0,25.0,0.0,0.0,0.0,0.0,0.0,0.0,0.0,0.0,0.0,0.0,6.5,17.5,0.0,0.0,0.0,0.0,25.0,0.0,0.0,0.0,0.0,8.5,2.5,0.0,0.0,0.0,0.0,0.0,0.0,0.0,14.5,0.0,0.0,0.0,0.0,0.0,0.0,0.0,0.0
fexofenadine,48.0,48.0,8.0,0.0,5.6,16.0,176.0,5.6,0.0,48.0,8.0,0.0,0.0,40.0,72.0,8.0,56.0,88.0,32.0,32.0,32.0,64.0,48.0,4.0,16.0,16.0,0.0,56.0,48.0,24.0,16.0,48.0,0.0,4.8,24.0,6.4,56.0,4.8,32.0,8.0,8.0,64.0,5.6,48.0,8.0,24.0,104.0,128.0,128.0,40.0,40.0,40.0,72.0
fingolimod,285.0,230.0,395.0,260.0,112.5,275.0,178.0,235.0,170.0,803.5,335.0,170.0,270.0,240.0,323.0,87.5,235.0,245.0,215.0,160.0,220.0,302.5,814.5,190.0,255.0,255.0,48.5,260.0,890.0,150.0,290.0,80.0,48.0,83.0,140.0,300.0,180.0,120.0,160.0,530.0,110.0,1083.5,365.0,230.0,40.0,424.0,267.5,435.0,210.0,110.0,185.0,307.5,280.0
flibanserin,66.0,143.0,5.6,0.0,0.0,16.0,24.0,0.0,0.0,0.0,8.0,0.0,0.0,95.0,24.0,0.0,8.0,6.4,6.4,0.0,0.0,7.2,4.8,0.0,18.0,27.0,0.0,0.0,0.0,0.0,16.0,0.0,0.0,0.0,0.0,0.0,5.6,0.0,0.0,0.0,0.0,0.0,8.0,0.0,16.0,0.0,72.0,0.0,0.0,0.0,0.0,6.4,8.0
fluoxetine,0.0,0.0,0.0,4.8,136.0,0.0,24.0,24.0,0.0,8.0,0.0,0.0,0.0,0.0,24.0,16.0,32.0,32.0,32.0,0.0,56.0,48.0,8.0,0.0,0.0,0.0,4.0,0.0,5.6,4.8,0.0,8.0,0.0,4.8,4.0,0.0,48.0,0.0,4.8,4.8,4.0,8.0,0.0,0.0,4.0,40.0,16.0,4.0,16.0,16.0,16.0,104.0,8.0
flupentixol,18.0,20.5,3.5,0.0,0.0,10.0,5.5,0.0,0.0,3.5,229.5,4.0,6.0,19.0,0.0,0.0,1.2,12.0,0.0,0.0,0.0,6.1,1.4,0.0,8.5,38.8,0.0,4.0,2.0,40.0,292.4,0.0,0.0,416.0,6.0,256.5,2.5,0.0,0.0,0.0,4.0,0.0,40.0,3.5,12.0,0.0,0.0,21.4,0.0,0.0,1.0,4.2,4.2
fluphenazine,126.0,202.3,17.1,0.0,5.6,42.0,211.5,5.6,0.0,52.7,249.0,4.0,6.0,144.4,100.0,8.0,66.2,107.80000000000001,38.4,33.6,32.0,77.3,54.199999999999996,4.0,33.9,83.8,0.0,61.8,51.2,65.0,319.4,48.0,0.0,420.8,31.0,266.4,65.3,4.8,34.0,9.0,14.0,66.0,53.6,52.5,62.0,24.0,177.4,151.4,138.0,41.0,45.0,50.6,86.2
fluspirilene,129.0,219.5,13.6,0.0,5.6,38.0,200.0,5.6,0.0,48.0,46.0,10.0,10.0,159.5,96.0,8.0,64.0,94.4,38.4,32.0,34.5,71.2,52.8,4.0,38.0,52.5,0.0,56.0,48.0,24.0,87.0,58.0,0.0,4.8,24.0,36.4,61.6,4.8,57.0,8.0,13.0,64.0,13.6,48.0,32.0,24.0,176.0,130.5,128.0,40.0,40.0,46.4,80.0
formoterol,2.0,2.0,4.0,1.8,1.2,2.0,6.0,8.0,8.0,50.0,2.0,1.0,1.4,2.0,10.0,1.6,16.0,8.0,10.0,20.0,10.0,8.0,44.0,6.0,2.0,2.0,8.0,54.0,38.0,12.0,2.0,1.4,1.0,1.2,12.0,1.6,6.0,8.0,6.0,22.0,6.0,54.0,4.0,58.0,1.4,6.0,6.0,14.0,1.8,4.0,8.0,10.0,26.0
fosaprepitant,9.0,9.0,0.0,0.0,0.0,5.3999999999999995,18.0,0.0,0.0,72.0,27.0,0.0,0.0,9.0,27.0,6.3,72.0,135.0,18.0,18.0,18.0,54.0,36.0,0.0,6.3,9.0,0.0,36.0,9.0,18.0,18.0,9.0,0.0,0.0,18.0,27.0,18.0,0.0,8.1,0.0,0.0,108.0,0.0,36.0,0.0,8.1,27.0,63.0,0.0,7.2,27.0,72.0,45.0
frovatriptan,15.0,28.5,2.5,0.0,0.0,6.0,75.0,0.0,0.0,3.0,30.0,0.0,0.0,29.5,70.0,0.0,5.0,5.0,15.0,0.0,15.0,3.5,0.0,0.0,12.5,12.5,0.0,0.0,5.0,0.0,60.0,3.0,0.0,2.5,2.5,25.0,0.0,0.0,25.0,0.0,5.0,5.0,2.5,0.0,13.0,3.0,145.0,7.0,70.0,0.0,10.0,5.0,3.5
fulvestrant,50.0,45.0,30.0,135.0,70.0,40.0,45.0,15.0,15.0,60.0,55.0,25.0,40.0,60.0,55.0,40.0,35.0,50.0,65.0,15.0,55.0,60.0,65.0,15.0,40.0,35.0,75.0,20.0,60.0,20.0,40.0,25.0,5.0,55.0,55.0,60.0,80.0,5.0,20.0,80.0,185.0,85.0,50.0,20.0,15.0,95.0,80.0,95.0,15.0,45.0,45.0,55.0,35.0
furosemide,0.0,0.0,0.0,0.0,0.0,0.0,0.0,0.0,0.0,0.0,0.0,0.0,0.0,0.0,0.0,0.0,0.0,0.0,0.0,0.0,0.0,0.0,0.0,0.0,0.0,0.0,0.0,0.0,0.0,0.0,0.0,0.0,0.0,0.0,0.0,0.0,0.0,0.0,0.0,0.0,0.0,0.0,0.0,0.0,0.0,0.0,0.0,0.0,0.0,0.0,0.0,0.0,0.0
gallamine,2.5,4.0,0.0,0.0,0.0,0.0,0.0,65.0,0.0,0.0,0.0,0.0,0.0,2.5,0.0,0.0,4.0,0.0,40.0,0.0,15.0,0.0,0.0,40.0,0.0,5.0,0.0,0.0,5.0,0.0,0.0,0.0,0.0,0.0,0.0,0.0,145.0,0.0,0.0,0.0,2.5,0.0,0.0,0.0,3.0,0.0,0.0,0.0,0.0,25.0,40.0,0.0,0.0
glucagon,0.0,0.0,0.0,1.2,0.0,0.0,0.0,4.0,0.0,0.0,1.2,0.0,0.0,0.0,0.0,52.0,1.2,1.0,0.0,0.0,0.0,1.2,0.0,1.4,0.0,1.0,190.0,2.0,0.0,0.0,0.0,0.0,13.6,1.0,0.0,0.0,2.0,0.0,1.6,0.0,1.0,0.0,0.0,4.0,6.0,0.0,0.0,28.0,0.0,1.2,0.0,0.0,1.6
glycopyrrolate,305.5,503.0,16.0,2.5,0.0,109.0,0.0,65.0,0.0,8.0,269.2,7.3,7.8,554.5,8.0,4.8,4.0,0.0,139.0,8.0,114.5,8.6,0.0,40.0,190.0,50.0,0.0,55.0,28.2,120.0,359.8,24.0,40.0,19.8,190.4,247.0,237.6,0.0,42.0,63.0,55.3,0.0,20.0,46.2,83.2,16.0,4.0,4.8,0.0,58.8,56.0,8.0,0.0
goserelin,16.0,16.0,32.0,40.0,16.0,16.0,144.0,32.0,24.0,80.0,24.0,168.0,160.0,24.0,104.0,40.0,104.0,136.0,96.0,64.0,88.0,104.0,56.0,24.0,16.0,24.0,16.0,120.0,80.0,72.0,24.0,136.0,24.0,80.0,120.0,32.0,88.0,16.0,72.0,104.0,40.0,80.0,24.0,104.0,72.0,80.0,112.0,400.0,72.0,72.0,64.0,112.0,128.0
guanabenz,55.0,57.5,25.0,0.0,45.0,34.5,1065.0,35.0,0.0,400.0,143.0,75.0,77.5,68.0,370.0,135.0,1165.0,2120.0,85.0,40.0,85.0,340.0,335.0,43.5,34.5,57.5,28.5,175.0,75.0,80.0,98.0,255.0,149.0,59.5,240.0,130.0,85.0,49.0,75.0,350.0,35.0,685.0,23.5,110.0,125.0,120.0,745.0,245.0,4.5,90.0,130.0,450.0,350.0
guanfacine,55.0,57.5,25.0,0.0,45.0,34.5,1065.0,35.0,0.0,400.0,143.0,75.0,77.5,68.0,370.0,135.0,1165.0,2120.0,85.0,40.0,85.0,340.0,335.0,43.5,34.5,57.5,28.5,175.0,75.0,80.0,98.0,255.0,149.0,59.5,240.0,130.0,85.0,49.0,75.0,350.0,35.0,685.0,23.5,110.0,125.0,120.0,745.0,245.0,4.5,90.0,130.0,450.0,350.0
haloperidol,144.0,231.8,32.1,7.8,146.6,55.0,250.5,33.1,0.0,70.7,275.5,44.0,56.0,179.9,139.0,34.0,118.2,169.8,95.4,43.6,108.0,160.29999999999998,72.2,6.5,53.9,105.3,9.0,81.8,66.8,79.8,379.4,101.0,10.0,480.6,60.0,292.9,138.29999999999998,9.8,78.8,23.8,28.0,89.0,63.6,72.5,113.0,89.0,208.4,187.9,158.0,67.0,81.0,189.6,119.2
histrelin,16.0,16.0,32.0,40.0,16.0,16.0,144.0,32.0,24.0,80.0,24.0,168.0,160.0,24.0,104.0,40.0,104.0,136.0,96.0,64.0,88.0,104.0,56.0,24.0,16.0,24.0,16.0,120.0,80.0,72.0,24.0,136.0,24.0,80.0,120.0,32.0,88.0,16.0,72.0,104.0,40.0,80.0,24.0,104.0,72.0,80.0,112.0,400.0,72.0,72.0,64.0,112.0,128.0
hydrocodone,10.0,10.0,0.0,0.0,0.0,5.0,0.0,0.0,0.0,0.0,10.0,10.0,15.0,5.0,0.0,0.0,0.0,0.0,0.0,0.0,0.0,0.0,0.0,0.0,2.5,15.0,0.0,0.0,0.0,0.0,20.0,0.0,0.0,0.0,0.0,3.5,0.0,0.0,0.0,0.0,0.0,0.0,0.0,0.0,14.5,0.0,0.0,0.0,0.0,0.0,0.0,0.0,0.0
hydromorphone,20.0,25.0,0.0,0.0,0.0,8.5,0.0,0.0,0.0,0.0,15.0,10.0,15.0,25.0,0.0,0.0,0.0,0.0,0.0,0.0,0.0,0.0,0.0,0.0,6.5,17.5,0.0,0.0,0.0,0.0,25.0,0.0,0.0,0.0,0.0,8.5,2.5,0.0,0.0,0.0,0.0,0.0,0.0,0.0,14.5,0.0,0.0,0.0,0.0,0.0,0.0,0.0,0.0
hydroxyzine,48.0,48.0,8.0,0.0,5.6,16.0,176.0,5.6,0.0,48.0,8.0,0.0,0.0,40.0,72.0,8.0,56.0,88.0,32.0,32.0,32.0,64.0,48.0,4.0,16.0,16.0,0.0,56.0,48.0,24.0,16.0,48.0,0.0,4.8,24.0,6.4,56.0,4.8,32.0,8.0,8.0,64.0,5.6,48.0,8.0,24.0,104.0,128.0,128.0,40.0,40.0,40.0,72.0
icatibant,0.0,0.0,0.0,0.0,7.2,0.0,18.0,5.3999999999999995,0.0,69.3,0.0,54.0,45.0,0.0,27.0,72.0,396.0,414.0,63.0,243.0,63.0,90.0,153.0,0.0,0.0,0.0,0.0,63.0,18.0,18.0,0.0,8.1,36.0,8.1,71.1,0.0,72.0,0.0,117.0,0.0,44.1,68.4,0.0,72.0,27.0,53.1,9.0,144.0,45.0,99.0,107.1,44.1,288.0
iloperidone,14.0,20.8,0.0,0.0,0.0,0.0,6.0,0.0,0.0,1.2,6.0,0.0,0.0,20.4,4.0,0.0,1.0,1.4,0.0,1.6,0.0,0.0,0.0,0.0,11.4,8.0,0.0,1.8,1.2,1.0,10.0,0.0,0.0,0.0,1.0,6.0,1.2,0.0,2.0,1.0,2.0,2.0,0.0,1.0,31.0,0.0,1.4,2.0,10.0,1.0,4.0,0.0,2.0
iloprost,16.0,14.2,25.6,46.800000000000004,182.0,14.6,951.6,63.699999999999996,104.0,258.4,14.600000000000001,8.0,8.0,12.8,643.0,306.0,264.4,300.0,218.0,61.0,165.8,258.0,293.0,32.0,16.599999999999998,41.6,60.00000000000001,179.0,279.0,118.8,14.6,111.0,65.6,64.5,120.0,14.4,168.4,20.4,163.0,344.0,174.4,402.8,10.0,152.6,50.3,151.4,899.0,651.0,582.4,139.8,133.2,784.4,173.0
imipramine,2.5,4.0,0.0,0.0,0.0,0.0,0.0,65.0,0.0,0.0,0.0,0.0,0.0,2.5,0.0,0.0,4.0,0.0,40.0,0.0,15.0,0.0,0.0,40.0,0.0,5.0,0.0,0.0,5.0,0.0,0.0,0.0,0.0,0.0,0.0,0.0,145.0,0.0,0.0,0.0,2.5,0.0,0.0,0.0,3.0,0.0,0.0,0.0,0.0,25.0,40.0,0.0,0.0
indacaterol,18.0,26.0,6.0,3.2,1.2,10.0,6.0,38.0,8.0,54.0,16.0,2.8,5.4,28.0,14.0,3.6,16.0,8.0,18.0,21.6,20.0,8.0,56.0,36.0,8.0,8.0,8.0,55.2,88.0,12.0,28.0,1.4,2.4,1.2,24.0,15.6,12.0,8.0,14.0,28.0,8.0,60.0,10.0,59.6,3.4,8.0,6.0,14.0,1.8,8.0,9.0,10.0,26.0
indomethacin,15.0,15.0,10.0,0.0,0.0,10.0,0.0,0.0,3.0,5.0,15.0,15.0,15.0,15.0,0.0,0.0,2.5,4.5,10.0,5.0,10.0,4.5,3.0,15.0,15.0,10.0,0.0,3.0,3.0,0.0,15.0,0.0,0.0,4.0,4.5,20.0,3.5,5.0,50.0,2.5,50.0,2.5,15.0,3.0,4.5,0.0,0.0,5.0,4.5,55.0,3.5,5.0,0.0
indoramin,128.0,112.0,8.8,0.0,28.0,38.4,448.0,16.0,0.0,64.0,31.2,14.4,32.0,128.0,52.8,24.0,151.2,132.8,40.0,0.0,27.2,128.0,104.0,24.0,56.0,40.0,224.0,27.2,152.0,9.6,25.6,60.8,0.0,8.0,70.4,20.8,40.0,0.0,24.0,232.0,17.6,80.0,9.6,16.0,30.4,48.0,208.0,112.0,72.0,20.8,44.0,63.2,44.8
ipratropium,305.5,503.0,16.0,2.5,0.0,109.0,0.0,65.0,0.0,8.0,269.2,7.3,7.8,554.5,8.0,4.8,4.0,0.0,139.0,8.0,114.5,8.6,0.0,40.0,190.0,50.0,0.0,55.0,28.2,120.0,359.8,24.0,40.0,19.8,190.4,247.0,237.6,0.0,42.0,63.0,55.3,0.0,20.0,46.2,83.2,16.0,4.0,4.8,0.0,58.8,56.0,8.0,0.0
irbesartan,0.0,0.0,0.0,0.0,324.0,0.0,63.0,63.0,0.0,369.0,0.0,0.0,0.0,0.0,90.0,54.0,54.0,72.0,99.0,18.0,90.0,117.0,342.0,18.0,0.0,5.3999999999999995,288.0,162.0,135.0,45.0,0.0,27.0,18.0,18.0,54.0,0.0,225.0,54.0,27.0,54.0,27.0,729.0,6.3,72.0,27.0,180.0,153.0,135.0,72.0,54.0,90.0,54.0,54.0
isoprenaline,18.0,26.0,6.0,3.2,1.2,10.0,6.0,38.0,8.0,54.0,16.0,2.8,5.4,28.0,14.0,3.6,16.0,9.0,26.0,21.6,34.0,28.0,56.0,36.0,8.0,8.0,8.0,55.2,88.0,12.0,28.0,57.4,2.4,1.2,25.2,15.6,18.0,8.0,14.0,28.0,8.0,60.0,10.0,59.6,3.4,8.0,6.0,14.0,1.8,9.6,21.0,12.0,26.0
istradefylline,21.0,16.5,9.0,9.5,64.0,13.0,371.8,11.6,13.600000000000001,24.0,15.4,12.6,17.0,19.0,252.0,36.0,69.0,66.0,44.0,39.0,52.0,46.0,32.0,12.0,13.0,11.0,27.0,30.0,54.0,9.0,17.3,25.0,6.5,23.0,31.0,14.4,28.0,5.2,29.0,75.4,16.8,32.0,9.0,34.0,18.0,37.0,367.0,89.0,33.0,37.0,21.0,54.0,50.0
ketanserin,266.0,369.3,28.4,4.8,164.0,99.4,579.0,40.0,0.0,76.2,258.2,174.4,173.0,315.09999999999997,174.8,40.0,198.39999999999998,179.60000000000002,93.4,1.6,98.2,188.3,118.2,24.0,107.9,247.3,228.0,29.000000000000004,165.8,15.4,437.0,71.8,0.0,16.3,79.9,181.8,94.8,0.0,55.8,237.8,32.6,95.0,46.1,17.0,100.4,91.0,442.4,126.4,168.0,37.8,75.0,179.79999999999998,67.5
ketotifen,48.0,48.0,8.0,0.0,5.6,16.0,176.0,5.6,0.0,48.0,8.0,0.0,0.0,40.0,72.0,8.0,56.0,88.0,32.0,32.0,32.0,64.0,48.0,4.0,16.0,16.0,0.0,56.0,48.0,24.0,16.0,48.0,0.0,4.8,24.0,6.4,56.0,4.8,32.0,8.0,8.0,64.0,5.6,48.0,8.0,24.0,104.0,128.0,128.0,40.0,40.0,40.0,72.0
labetalol,34.0,50.0,6.0,3.2,5.2,16.4,94.0,38.0,8.0,70.0,24.0,2.8,5.4,52.0,22.0,3.6,152.0,128.0,34.0,21.6,27.2,48.0,72.0,36.0,32.0,16.0,8.0,61.6,128.0,16.0,33.6,8.6,2.4,1.2,64.0,22.8,36.0,8.0,14.0,52.0,12.8,76.0,10.0,64.39999999999999,19.4,24.0,22.0,86.0,1.8,16.0,41.0,50.0,66.0
lanreotide,60.0,90.0,12.5,145.0,30.0,24.5,29.5,32.5,5.0,20.0,20.0,220.0,190.0,80.0,9.5,25.0,5.0,10.0,5.0,3.0,5.0,15.0,20.0,12.5,35.0,45.0,4.0,4.0,5.0,7.5,40.0,34.0,6.0,135.0,20.0,10.0,5.0,3.5,5.0,65.0,10.0,20.0,14.0,3.5,92.5,15.0,5.0,15.0,0.0,5.0,8.5,25.0,5.0
latanoprost (free acid form),4.0,0.0,0.0,0.0,32.0,0.0,24.0,8.0,0.0,88.0,0.0,0.0,0.0,0.0,64.0,16.0,64.0,40.0,80.0,8.0,24.0,72.0,32.0,0.0,7.2,16.0,7.2,80.0,24.0,56.0,0.0,40.0,7.2,0.0,16.0,0.0,24.0,8.0,24.0,4.0,8.0,160.0,0.0,64.0,7.2,16.0,104.0,440.0,384.0,16.0,48.0,176.0,56.0
latanoprost (isopropyl ester),4.0,0.0,0.0,0.0,32.0,0.0,24.0,8.0,0.0,88.0,0.0,0.0,0.0,0.0,64.0,16.0,64.0,40.0,80.0,8.0,24.0,72.0,32.0,0.0,7.2,16.0,7.2,80.0,24.0,56.0,0.0,40.0,7.2,0.0,16.0,0.0,24.0,8.0,24.0,4.0,8.0,160.0,0.0,64.0,7.2,16.0,104.0,440.0,384.0,16.0,48.0,176.0,56.0
leuprolide,16.0,16.0,32.0,40.0,16.0,16.0,144.0,32.0,24.0,80.0,24.0,168.0,160.0,24.0,104.0,40.0,104.0,136.0,96.0,64.0,88.0,104.0,56.0,24.0,16.0,24.0,16.0,120.0,80.0,72.0,24.0,136.0,24.0,80.0,120.0,32.0,88.0,16.0,72.0,104.0,40.0,80.0,24.0,104.0,72.0,80.0,112.0,400.0,72.0,72.0,64.0,112.0,128.0
levallorphan,0.0,0.0,0.0,0.0,0.0,0.0,0.0,0.0,0.0,0.0,0.0,5.0,10.0,0.0,0.0,0.0,0.0,0.0,0.0,0.0,0.0,0.0,0.0,0.0,0.0,0.0,0.0,0.0,0.0,0.0,0.0,0.0,0.0,0.0,0.0,0.0,0.0,0.0,0.0,0.0,0.0,0.0,0.0,0.0,10.0,0.0,0.0,0.0,0.0,0.0,0.0,0.0,0.0
levobunolol,18.0,26.0,6.0,3.2,1.2,10.0,6.0,38.0,8.0,54.0,16.0,2.8,5.4,28.0,14.0,3.6,16.0,9.0,26.0,21.6,34.0,28.0,56.0,36.0,8.0,8.0,8.0,55.2,88.0,12.0,28.0,57.4,2.4,1.2,25.2,15.6,18.0,8.0,14.0,28.0,8.0,60.0,10.0,59.6,3.4,8.0,6.0,14.0,1.8,9.6,21.0,12.0,26.0
levocabastine,0.0,0.0,0.0,0.0,0.0,0.0,0.0,0.0,0.0,0.0,0.0,0.0,0.0,0.0,0.0,0.0,0.0,0.0,0.0,0.0,0.0,0.0,0.0,0.0,0.0,8.1,0.0,0.0,0.0,0.0,0.0,0.0,0.0,0.0,0.0,0.0,0.0,0.0,0.0,0.0,0.0,0.0,0.0,0.0,4.5,0.0,0.0,0.0,0.0,0.0,0.0,0.0,0.0
levodopa,0.0,0.0,0.0,0.0,0.0,0.0,0.0,0.0,0.0,0.0,0.0,0.0,0.0,0.0,0.0,0.0,0.0,0.0,0.0,0.0,0.0,0.0,0.0,0.0,0.0,0.0,0.0,0.0,0.0,0.0,0.0,0.0,0.0,0.0,0.0,0.0,0.0,0.0,0.0,0.0,0.0,0.0,0.0,0.0,0.0,0.0,0.0,0.0,0.0,0.0,0.0,0.0,0.0
levorphanol,0.0,0.0,0.0,0.0,0.0,0.0,0.0,0.0,0.0,0.0,0.0,5.0,10.0,0.0,0.0,0.0,0.0,0.0,0.0,0.0,0.0,0.0,0.0,0.0,0.0,0.0,0.0,0.0,0.0,0.0,0.0,0.0,0.0,0.0,0.0,0.0,0.0,0.0,0.0,0.0,0.0,0.0,0.0,0.0,10.0,0.0,0.0,0.0,0.0,0.0,0.0,0.0,0.0
liraglutide,0.0,0.0,0.0,0.0,0.0,0.0,0.0,4.0,0.0,0.0,1.2,0.0,0.0,0.0,0.0,0.0,0.0,0.0,0.0,0.0,0.0,0.0,0.0,1.4,0.0,1.0,0.0,0.0,0.0,0.0,0.0,0.0,12.0,0.0,0.0,0.0,0.0,0.0,0.0,0.0,1.0,0.0,0.0,0.0,2.0,0.0,0.0,2.0,0.0,0.0,0.0,0.0,0.0
lisuride,188.0,269.5,64.4,7.8,186.0,108.5,1208.5,62.5,0.0,440.5,545.7,125.4,149.5,235.7,507.8,161.0,1238.4,2210.2000000000003,171.4,50.0,180.0,439.8,383.20000000000005,62.0,97.5,284.8,181.5,203.8,137.6,140.4,743.4,316.6,159.0,537.8,301.5,505.1,174.1,54.0,127.8,396.8,62.8,737.0,105.6,137.5,219.0,188.0,1009.0,307.4,94.5,120.8,181.8,611.8000000000001,398.7
lixisenatide,0.0,0.0,0.0,0.0,0.0,0.0,0.0,4.0,0.0,0.0,1.2,0.0,0.0,0.0,0.0,0.0,0.0,0.0,0.0,0.0,0.0,0.0,0.0,1.4,0.0,1.0,0.0,0.0,0.0,0.0,0.0,0.0,12.0,0.0,0.0,0.0,0.0,0.0,0.0,0.0,1.0,0.0,0.0,0.0,2.0,0.0,0.0,2.0,0.0,0.0,0.0,0.0,0.0
loperamide,0.0,0.0,0.0,0.0,0.0,0.0,0.0,0.0,0.0,0.0,0.0,5.0,10.0,0.0,0.0,0.0,0.0,0.0,0.0,0.0,0.0,0.0,0.0,0.0,0.0,0.0,0.0,0.0,0.0,0.0,0.0,0.0,0.0,0.0,0.0,0.0,0.0,0.0,0.0,0.0,0.0,0.0,0.0,0.0,10.0,0.0,0.0,0.0,0.0,0.0,0.0,0.0,0.0
loratadine,48.0,48.0,8.0,0.0,5.6,16.0,176.0,5.6,0.0,48.0,8.0,0.0,0.0,40.0,72.0,8.0,56.0,88.0,32.0,32.0,32.0,64.0,48.0,4.0,16.0,16.0,0.0,56.0,48.0,24.0,16.0,48.0,0.0,4.8,24.0,6.4,56.0,4.8,32.0,8.0,8.0,64.0,5.6,48.0,8.0,24.0,104.0,128.0,128.0,40.0,40.0,40.0,72.0
lorazepam,18.0,27.0,9.0,27.0,5.3999999999999995,8.1,9.0,9.0,27.0,27.0,4.5,72.0,90.0,27.0,27.0,18.0,45.0,36.0,45.0,72.0,45.0,27.0,18.0,8.1,8.1,45.0,6.3,72.0,81.0,45.0,5.3999999999999995,6.3,4.5,198.0,45.0,0.0,27.0,5.3999999999999995,36.0,63.0,63.0,54.0,9.0,63.0,45.0,27.0,18.0,18.0,36.0,45.0,27.0,18.0,63.0
lorcaserin,72.0,136.0,13.6,4.8,136.0,40.0,48.0,24.0,0.0,8.0,120.0,0.0,0.0,87.2,48.0,16.0,40.0,38.4,38.4,0.0,56.0,55.2,12.8,0.0,24.0,152.0,4.0,0.0,5.6,4.8,264.0,8.0,0.0,4.8,4.0,72.0,53.6,0.0,4.8,4.8,4.0,8.0,24.0,0.0,20.0,40.0,88.0,4.0,16.0,16.0,16.0,110.4,16.0
losartan,0.0,0.0,0.0,0.0,324.0,0.0,63.0,63.0,0.0,369.0,0.0,0.0,0.0,0.0,90.0,54.0,54.0,72.0,99.0,18.0,90.0,117.0,342.0,18.0,0.0,5.3999999999999995,288.0,162.0,135.0,45.0,0.0,27.0,18.0,18.0,54.0,0.0,225.0,54.0,27.0,54.0,27.0,729.0,6.3,72.0,27.0,180.0,153.0,135.0,72.0,54.0,90.0,54.0,54.0
loxapine,136.0,207.5,40.1,3.0,10.6,71.0,218.5,9.1,0.0,61.5,311.5,44.0,55.0,156.2,111.0,18.0,84.0,134.4,63.4,42.0,52.0,110.7,62.8,6.5,54.5,219.0,5.0,80.0,58.0,74.0,530.0,93.0,10.0,474.8,53.0,296.9,89.1,9.8,47.0,18.0,18.0,79.0,79.6,71.5,75.0,49.0,191.0,178.0,132.0,50.0,60.0,84.4,108.0
lurasidone,57.0,56.8,15.0,0.0,30.0,30.0,1036.0,25.0,0.0,371.2,133.0,75.0,75.0,66.4,359.0,115.0,1151.0,2101.4,50.0,36.6,45.0,310.0,290.0,18.5,31.4,59.0,3.5,161.8,71.2,66.0,88.0,240.0,145.0,55.0,226.0,120.0,61.2,19.0,62.0,271.0,22.0,637.0,20.0,101.0,140.0,105.0,716.4,192.0,14.5,76.0,109.0,415.0,337.0
macitentan,268.0,169.0,214.0,0.0,284.0,251.0,231.0,391.0,7.2,613.0,475.0,87.4,133.2,160.0,466.0,212.0,1119.0,972.0,232.0,84.0,193.0,690.0,832.0,173.0,160.0,313.0,107.0,216.0,940.0,178.0,431.0,510.0,61.2,121.0,520.0,403.0,165.0,79.0,150.0,216.0,121.0,798.0,321.0,207.0,100.0,586.0,502.0,410.0,128.0,97.0,333.0,664.0,682.0
maraviroc,0.0,0.0,10.0,0.0,5.0,0.0,5.0,0.0,15.0,4.0,0.0,0.0,0.0,0.0,10.0,3.5,5.0,10.0,3.5,5.0,4.5,10.0,10.0,0.0,0.0,0.0,3.0,0.0,30.0,10.0,0.0,3.5,2.5,3.5,10.0,0.0,5.0,0.0,20.0,55.0,10.0,5.0,3.0,0.0,0.0,5.0,3.0,5.0,0.0,10.0,10.0,5.0,5.0
melatonin,0.0,0.0,0.0,4.8,136.0,0.0,24.0,24.0,0.0,8.0,0.0,5.0,5.0,0.0,24.0,16.0,32.0,32.0,32.0,0.0,56.0,48.0,8.0,0.0,0.0,0.0,4.0,0.0,5.6,4.8,0.0,8.0,0.0,4.8,4.0,0.0,48.0,0.0,4.8,4.8,4.0,8.0,0.0,0.0,12.5,40.0,16.0,4.0,16.0,16.0,16.0,104.0,8.0
mesoridazine,94.0,167.5,17.1,0.0,0.0,49.0,29.5,0.0,0.0,3.5,347.5,4.0,6.0,117.2,24.0,0.0,9.2,18.4,6.4,0.0,0.0,13.3,6.199999999999999,0.0,40.5,191.8,0.0,4.0,2.0,40.0,555.0,0.0,0.0,415.0,6.0,326.5,8.1,0.0,0.0,0.0,0.0,0.0,64.0,3.5,26.0,0.0,72.0,21.4,0.0,0.0,1.0,10.600000000000001,12.2
methadone,0.0,0.0,0.0,0.0,0.0,0.0,0.0,0.0,0.0,0.0,0.0,5.0,10.0,0.0,0.0,0.0,0.0,0.0,0.0,0.0,0.0,0.0,0.0,0.0,0.0,0.0,0.0,0.0,0.0,0.0,0.0,0.0,0.0,0.0,0.0,0.0,0.0,0.0,0.0,0.0,0.0,0.0,0.0,0.0,10.0,0.0,0.0,0.0,0.0,0.0,0.0,0.0,0.0
methoxamine,128.0,112.0,8.8,0.0,28.0,38.4,448.0,16.0,0.0,64.0,31.2,14.4,32.0,128.0,52.8,24.0,151.2,132.8,40.0,0.0,27.2,128.0,104.0,24.0,56.0,40.0,224.0,27.2,152.0,9.6,25.6,60.8,0.0,8.0,70.4,20.8,40.0,0.0,24.0,232.0,17.6,80.0,9.6,16.0,30.4,48.0,208.0,112.0,72.0,20.8,44.0,63.2,44.8
methylergonovine,87.0,161.0,13.6,4.8,136.0,43.0,48.0,24.0,0.0,12.0,130.0,10.0,10.0,107.2,48.0,16.0,40.0,43.4,38.4,0.0,58.5,58.2,16.3,0.0,28.0,157.0,4.0,0.0,8.1,4.8,279.0,18.0,0.0,8.3,4.0,82.0,53.6,0.0,4.8,4.8,9.0,13.0,24.0,0.0,25.0,42.5,88.0,7.5,16.0,16.0,16.0,113.9,16.0
methylnaltrexone,20.0,25.0,0.0,0.0,0.0,8.5,0.0,0.0,0.0,0.0,15.0,10.0,15.0,25.0,0.0,0.0,0.0,0.0,0.0,0.0,0.0,0.0,0.0,0.0,6.5,17.5,0.0,0.0,0.0,0.0,25.0,0.0,0.0,0.0,0.0,8.5,2.5,0.0,0.0,0.0,0.0,0.0,0.0,0.0,14.5,0.0,0.0,0.0,0.0,0.0,0.0,0.0,0.0
metoprolol,18.0,26.0,6.0,3.2,1.2,10.0,6.0,38.0,8.0,54.0,16.0,2.8,5.4,28.0,14.0,3.6,16.0,8.0,18.0,21.6,20.0,8.0,56.0,36.0,8.0,8.0,8.0,55.2,88.0,12.0,28.0,1.4,2.4,1.2,24.0,15.6,12.0,8.0,14.0,28.0,8.0,60.0,10.0,59.6,3.4,8.0,6.0,14.0,1.8,8.0,9.0,10.0,26.0
mianserin,204.0,253.8,22.4,4.8,164.0,78.4,502.0,40.0,0.0,73.2,157.2,14.4,32.0,220.6,104.8,40.0,192.2,172.60000000000002,78.4,1.6,83.2,183.2,116.8,24.0,81.4,197.0,228.0,29.000000000000004,158.8,15.4,299.6,68.8,0.0,12.8,75.4,98.8,94.8,0.0,30.8,237.8,23.6,90.0,33.6,17.0,81.4,88.0,297.4,118.0,98.0,37.8,64.0,173.6,62.8
mirabegron,18.0,26.0,6.0,3.2,1.2,10.0,6.0,38.0,8.0,54.0,16.0,2.8,5.4,28.0,14.0,3.6,16.0,9.0,26.0,21.6,34.0,28.0,56.0,36.0,8.0,8.0,8.0,55.2,88.0,12.0,28.0,57.4,2.4,1.2,25.2,15.6,18.0,8.0,14.0,28.0,8.0,60.0,10.0,59.6,3.4,8.0,6.0,14.0,1.8,9.6,21.0,12.0,26.0
mirtazapine,127.0,193.5,38.6,0.0,45.0,74.5,1089.0,35.0,0.0,400.0,263.0,75.0,77.5,155.2,394.0,135.0,1173.0,2126.4,91.4,40.0,85.0,347.2,339.8,43.5,58.5,209.5,28.5,175.0,75.0,80.0,362.0,255.0,149.0,59.5,240.0,202.0,90.6,49.0,75.0,350.0,35.0,685.0,47.5,110.0,141.0,120.0,817.0,245.0,4.5,90.0,130.0,456.4,358.0
misoprostol (methyl ester),4.0,3.0,11.6,5.6,26.0,6.6,128.0,10.3,76.0,118.0,1.0,0.0,0.0,0.0,79.0,121.0,74.0,134.0,44.0,17.0,40.0,82.0,177.0,6.0,1.4,12.0,3.6,73.0,79.0,40.0,1.0,33.0,45.2,8.5,48.0,0.0,95.0,4.0,69.0,88.0,109.0,168.0,2.0,63.0,20.5,27.0,143.0,43.0,124.0,71.0,48.0,504.0,43.0
mogamulizumab,0.0,0.0,0.0,4.5,0.0,0.0,3.0,0.0,15.0,3.5,0.0,2.5,2.5,0.0,3.0,0.0,3.0,3.5,0.0,3.5,0.0,5.0,3.5,0.0,0.0,0.0,0.0,3.5,15.0,3.5,0.0,3.0,0.0,2.5,3.5,0.0,0.0,0.0,5.0,20.0,2.5,4.0,0.0,4.5,10.0,4.0,0.0,3.0,0.0,3.0,3.0,3.0,4.5
molindone,104.0,176.0,13.6,0.0,5.6,32.0,200.0,5.6,0.0,48.0,16.0,0.0,0.0,120.0,96.0,8.0,64.0,94.4,38.4,32.0,32.0,71.2,52.8,4.0,24.0,40.0,0.0,56.0,48.0,24.0,32.0,48.0,0.0,4.8,24.0,6.4,61.6,4.8,32.0,8.0,8.0,64.0,13.6,48.0,24.0,24.0,176.0,128.0,128.0,40.0,40.0,46.4,80.0
montelukast,6.4,6.4,16.0,56.0,8.0,5.6,24.0,7.2,16.0,24.0,7.2,16.0,16.0,7.2,24.0,8.0,16.0,16.0,80.0,16.0,104.0,24.0,24.0,4.0,7.2,8.0,8.0,16.0,24.0,24.0,6.4,16.0,7.2,16.0,16.0,5.6,16.0,4.8,24.0,56.0,16.0,32.0,8.0,16.0,16.0,32.0,16.0,24.0,8.0,16.0,16.0,16.0,16.0
morphine,20.0,25.0,0.0,0.0,0.0,8.5,0.0,0.0,0.0,0.0,15.0,10.0,15.0,25.0,0.0,0.0,0.0,0.0,0.0,0.0,0.0,0.0,0.0,0.0,6.5,17.5,0.0,0.0,0.0,0.0,25.0,0.0,0.0,0.0,0.0,8.5,2.5,0.0,0.0,0.0,0.0,0.0,0.0,0.0,14.5,0.0,0.0,0.0,0.0,0.0,0.0,0.0,0.0
mosapride,0.0,0.0,0.0,0.0,0.0,0.0,2.0,2.0,0.0,0.0,1.8,0.0,0.0,0.0,2.0,0.0,0.0,0.0,0.0,0.0,0.0,0.0,0.0,0.0,0.0,0.0,0.0,0.0,0.0,0.0,4.0,0.0,0.0,2.0,0.0,0.0,1.6,0.0,6.0,0.0,0.0,0.0,0.0,0.0,0.0,0.0,1.4,0.0,0.0,4.0,0.0,0.0,0.0
nabilone,115.0,95.0,10.0,115.0,35.0,45.0,25.0,3.5,10.0,100.0,70.0,190.0,170.0,80.0,35.0,0.0,60.0,40.0,50.0,15.0,40.0,145.0,140.0,0.0,70.0,55.0,0.0,20.0,50.0,15.0,45.0,15.0,5.0,185.0,15.0,80.0,100.0,10.0,65.0,110.0,15.0,150.0,10.0,15.0,13.0,44.5,130.0,55.0,125.0,35.0,25.0,35.0,25.0
nadolol,18.0,26.0,6.0,3.2,1.2,10.0,6.0,38.0,8.0,54.0,16.0,2.8,5.4,28.0,14.0,3.6,16.0,9.0,26.0,21.6,34.0,28.0,56.0,36.0,8.0,8.0,8.0,55.2,88.0,12.0,28.0,57.4,2.4,1.2,25.2,15.6,18.0,8.0,14.0,28.0,8.0,60.0,10.0,59.6,3.4,8.0,6.0,14.0,1.8,9.6,21.0,12.0,26.0
nafarelin,16.0,16.0,32.0,40.0,16.0,16.0,144.0,32.0,24.0,80.0,24.0,168.0,160.0,24.0,104.0,40.0,104.0,136.0,96.0,64.0,88.0,104.0,56.0,24.0,16.0,24.0,16.0,120.0,80.0,72.0,24.0,136.0,24.0,80.0,120.0,32.0,88.0,16.0,72.0,104.0,40.0,80.0,24.0,104.0,72.0,80.0,112.0,400.0,72.0,72.0,64.0,112.0,128.0
nalbuphine,20.0,25.0,0.0,0.0,0.0,8.5,0.0,0.0,0.0,0.0,15.0,10.0,15.0,25.0,0.0,0.0,0.0,0.0,0.0,0.0,0.0,0.0,0.0,0.0,6.5,17.5,0.0,0.0,0.0,0.0,25.0,0.0,0.0,0.0,0.0,8.5,2.5,0.0,0.0,0.0,0.0,0.0,0.0,0.0,14.5,0.0,0.0,0.0,0.0,0.0,0.0,0.0,0.0
nalmefene,20.0,25.0,0.0,0.0,0.0,8.5,0.0,0.0,0.0,0.0,15.0,10.0,15.0,25.0,0.0,0.0,0.0,0.0,0.0,0.0,0.0,0.0,0.0,0.0,6.5,17.5,0.0,0.0,0.0,0.0,25.0,0.0,0.0,0.0,0.0,8.5,2.5,0.0,0.0,0.0,0.0,0.0,0.0,0.0,14.5,0.0,0.0,0.0,0.0,0.0,0.0,0.0,0.0
nalorphine,20.0,25.0,0.0,0.0,0.0,8.5,0.0,0.0,0.0,0.0,15.0,10.0,15.0,25.0,0.0,0.0,0.0,0.0,0.0,0.0,0.0,0.0,0.0,0.0,6.5,17.5,0.0,0.0,0.0,0.0,25.0,0.0,0.0,0.0,0.0,8.5,2.5,0.0,0.0,0.0,0.0,0.0,0.0,0.0,14.5,0.0,0.0,0.0,0.0,0.0,0.0,0.0,0.0
naloxone,20.0,25.0,0.0,0.0,0.0,8.5,0.0,0.0,0.0,0.0,15.0,10.0,15.0,25.0,0.0,0.0,0.0,0.0,0.0,0.0,0.0,0.0,0.0,0.0,6.5,17.5,0.0,0.0,0.0,0.0,25.0,0.0,0.0,0.0,0.0,8.5,2.5,0.0,0.0,0.0,0.0,0.0,0.0,0.0,14.5,0.0,0.0,0.0,0.0,0.0,0.0,0.0,0.0
naltrexone,20.0,25.0,0.0,0.0,0.0,8.5,0.0,0.0,0.0,0.0,15.0,10.0,15.0,25.0,0.0,0.0,0.0,0.0,0.0,0.0,0.0,0.0,0.0,0.0,6.5,17.5,0.0,0.0,0.0,0.0,25.0,0.0,0.0,0.0,0.0,8.5,2.5,0.0,0.0,0.0,0.0,0.0,0.0,0.0,14.5,0.0,0.0,0.0,0.0,0.0,0.0,0.0,0.0
naratriptan,30.0,53.5,2.5,0.0,0.0,9.0,75.0,0.0,0.0,7.0,40.0,10.0,10.0,49.5,70.0,0.0,5.0,10.0,15.0,0.0,17.5,6.5,3.5,0.0,16.5,17.5,0.0,0.0,7.5,0.0,75.0,13.0,0.0,6.0,2.5,35.0,0.0,0.0,25.0,0.0,10.0,10.0,2.5,0.0,18.0,5.5,145.0,10.5,70.0,0.0,10.0,8.5,3.5
nefazodone,56.0,128.0,5.6,0.0,0.0,16.0,24.0,0.0,0.0,0.0,8.0,0.0,0.0,80.0,24.0,0.0,8.0,6.4,6.4,0.0,0.0,7.2,4.8,0.0,8.0,24.0,0.0,0.0,0.0,0.0,16.0,0.0,0.0,0.0,0.0,0.0,5.6,0.0,0.0,0.0,0.0,0.0,8.0,0.0,16.0,0.0,72.0,0.0,0.0,0.0,0.0,6.4,8.0
netupitant,9.0,9.0,0.0,0.0,0.0,5.3999999999999995,18.0,0.0,0.0,72.0,27.0,0.0,0.0,9.0,27.0,6.3,72.0,135.0,18.0,18.0,18.0,54.0,36.0,0.0,6.3,9.0,0.0,36.0,9.0,18.0,18.0,9.0,0.0,0.0,18.0,27.0,18.0,0.0,8.1,0.0,0.0,108.0,0.0,36.0,0.0,8.1,27.0,63.0,0.0,7.2,27.0,72.0,45.0
nicardipine,0.0,0.0,0.0,0.0,0.0,0.0,0.0,0.0,0.0,0.0,0.0,0.0,0.0,0.0,0.0,0.0,0.0,0.0,0.0,0.0,0.0,0.0,0.0,0.0,0.0,0.0,0.0,0.0,0.0,0.0,0.0,0.0,0.0,0.0,0.0,0.0,0.0,0.0,0.0,0.0,0.0,0.0,0.0,0.0,0.0,0.0,0.0,0.0,0.0,0.0,0.0,0.0,0.0
niclosamide,0.0,0.0,0.0,0.0,0.0,0.0,0.0,0.0,0.0,0.0,0.0,0.0,0.0,0.0,0.0,0.0,0.0,0.0,0.0,0.0,0.0,0.0,0.0,0.0,0.0,0.0,0.0,0.0,0.0,0.0,0.0,0.0,0.0,0.0,0.0,0.0,2.5,0.0,0.0,0.0,0.0,0.0,0.0,0.0,0.0,0.0,0.0,0.0,0.0,4.5,0.0,0.0,0.0
octreotide,60.0,90.0,12.5,145.0,15.0,24.5,4.5,2.5,5.0,20.0,20.0,220.0,190.0,80.0,5.0,20.0,5.0,10.0,5.0,3.0,5.0,15.0,20.0,2.5,35.0,45.0,4.0,4.0,5.0,3.5,40.0,34.0,6.0,50.0,15.0,10.0,5.0,3.5,5.0,65.0,10.0,20.0,14.0,3.5,90.0,15.0,5.0,15.0,0.0,5.0,5.0,25.0,5.0
olanzapine,158.0,247.8,27.6,0.0,5.6,70.0,284.5,5.6,0.0,59.7,339.0,14.0,15.0,187.1,170.0,8.0,70.0,115.80000000000001,53.4,33.6,49.5,82.2,56.3,4.0,62.4,225.5,0.0,61.8,56.7,65.0,575.0,61.0,0.0,425.8,31.5,319.4,65.3,4.8,59.0,9.0,20.0,76.0,72.1,52.5,78.0,29.5,322.4,160.5,208.0,41.0,54.0,57.9,88.5
olmesartan,0.0,0.0,0.0,0.0,324.0,0.0,63.0,63.0,0.0,369.0,0.0,0.0,0.0,0.0,90.0,54.0,54.0,72.0,99.0,18.0,90.0,117.0,342.0,18.0,0.0,5.3999999999999995,288.0,162.0,135.0,45.0,0.0,27.0,18.0,18.0,54.0,0.0,225.0,54.0,27.0,54.0,27.0,729.0,6.3,72.0,27.0,180.0,153.0,135.0,72.0,54.0,90.0,54.0,54.0
olodaterol,2.0,2.0,4.0,1.8,1.2,2.0,6.0,8.0,8.0,50.0,2.0,1.0,1.4,2.0,10.0,1.6,16.0,8.0,10.0,20.0,10.0,8.0,44.0,6.0,2.0,2.0,8.0,54.0,38.0,12.0,2.0,1.4,1.0,1.2,12.0,1.6,6.0,8.0,6.0,22.0,6.0,54.0,4.0,58.0,1.4,6.0,6.0,14.0,1.8,4.0,8.0,10.0,26.0
orciprenaline,2.0,2.0,4.0,1.8,1.2,2.0,6.0,8.0,8.0,50.0,2.0,1.0,1.4,2.0,10.0,1.6,16.0,8.0,10.0,20.0,10.0,8.0,44.0,6.0,2.0,2.0,8.0,54.0,38.0,12.0,2.0,1.4,1.0,1.2,12.0,1.6,6.0,8.0,6.0,22.0,6.0,54.0,4.0,58.0,1.4,6.0,6.0,14.0,1.8,4.0,8.0,10.0,26.0
oxybutynin,305.5,503.0,16.0,2.5,0.0,109.0,0.0,65.0,0.0,8.0,269.2,7.3,7.8,554.5,8.0,4.8,4.0,0.0,139.0,8.0,114.5,8.6,0.0,40.0,190.0,50.0,0.0,55.0,28.2,120.0,359.8,24.0,40.0,19.8,190.4,247.0,237.6,0.0,42.0,63.0,55.3,0.0,20.0,46.2,83.2,16.0,4.0,4.8,0.0,58.8,56.0,8.0,0.0
oxymetazoline,204.0,191.0,44.3,0.0,73.0,102.9,1588.0,51.0,0.0,467.0,316.2,89.4,109.5,217.7,492.8,159.0,1321.2,2257.8,140.0,40.0,127.2,471.5,439.0,67.5,109.0,235.0,252.5,202.20000000000002,232.0,89.6,431.6,318.8,149.0,70.0,312.9,247.79999999999998,125.0,49.0,124.0,582.0,57.599999999999994,770.0,51.6,126.0,168.4,171.0,1098.0,364.0,146.5,110.8,184.0,518.2,398.3
oxytocin,24.0,16.0,24.0,160.0,336.0,16.0,26.0,12.8,0.0,198.0,24.0,31.6,30.4,16.0,55.2,34.0,104.0,104.0,32.0,17.2,38.0,153.6,232.0,14.0,16.0,40.0,80.0,38.0,16.799999999999997,20.0,56.0,33.2,8.6,92.8,36.0,24.0,30.0,12.0,12.0,14.0,20.0,236.0,48.0,30.0,14.2,133.6,432.0,61.2,24.0,12.0,30.0,139.2,60.0
pasireotide,115.0,140.0,17.5,145.0,30.0,54.5,39.5,36.5,5.0,30.0,30.0,224.0,194.0,130.0,19.5,29.5,15.0,20.0,10.0,5.5,9.0,30.0,30.0,15.0,55.0,90.0,29.0,7.0,50.0,10.5,55.0,44.0,16.0,140.0,25.0,20.0,9.5,3.5,30.0,69.0,85.0,25.0,44.0,6.0,92.5,19.5,20.0,30.0,45.0,25.0,23.5,35.0,10.0
pentoxifylline,0.0,2.5,10.0,0.0,15.0,4.5,35.0,10.0,0.0,30.0,10.0,0.0,2.5,3.0,15.0,20.0,15.0,20.0,35.0,5.0,40.0,30.0,45.0,25.0,4.5,2.5,25.0,15.0,5.0,15.0,10.0,15.0,4.0,4.5,15.0,10.0,25.0,30.0,15.0,80.0,15.0,50.0,3.5,10.0,15.0,15.0,30.0,55.0,0.0,15.0,25.0,35.0,15.0
periciazine,8.0,12.0,0.0,0.0,0.0,4.0,2.0,0.0,0.0,0.0,60.0,0.0,1.0,10.0,0.0,0.0,1.2,2.0,0.0,0.0,0.0,1.6,1.4,0.0,2.0,1.8,0.0,0.0,2.0,0.0,66.0,0.0,0.0,0.0,2.0,52.0,0.0,0.0,0.0,0.0,0.0,0.0,0.0,0.0,0.0,0.0,0.0,1.4,0.0,0.0,1.0,1.2,1.2
perospirone,14.0,19.5,18.5,3.0,5.0,15.0,18.5,3.5,0.0,13.5,177.5,44.0,55.0,25.0,15.0,10.0,20.0,40.0,25.0,10.0,20.0,39.5,10.0,2.5,14.5,50.0,5.0,24.0,10.0,50.0,240.0,45.0,10.0,470.0,29.0,212.5,27.5,5.0,15.0,10.0,10.0,15.0,50.0,23.5,50.0,25.0,15.0,50.0,4.0,10.0,20.0,38.0,28.0
perphenazine,128.0,194.3,25.1,0.0,5.6,61.0,209.5,5.6,0.0,52.7,299.0,4.0,5.0,137.6,100.0,8.0,65.0,105.80000000000001,38.4,33.6,32.0,75.7,52.8,4.0,45.9,208.0,0.0,61.8,49.2,65.0,500.0,48.0,0.0,419.8,29.0,284.4,65.3,4.8,34.0,9.0,10.0,66.0,69.6,52.5,60.0,24.0,177.4,150.0,138.0,41.0,44.0,49.4,85.0
pethidine,20.0,25.0,0.0,0.0,0.0,8.5,0.0,0.0,0.0,0.0,15.0,10.0,15.0,25.0,0.0,0.0,0.0,0.0,0.0,0.0,0.0,0.0,0.0,0.0,6.5,17.5,0.0,0.0,0.0,0.0,25.0,0.0,0.0,0.0,0.0,8.5,2.5,0.0,0.0,0.0,0.0,0.0,0.0,0.0,14.5,0.0,0.0,0.0,0.0,0.0,0.0,0.0,0.0
phenoxybenzamine,0.0,2.5,10.0,0.0,15.0,4.5,35.0,10.0,0.0,30.0,10.0,0.0,2.5,3.0,15.0,20.0,15.0,20.0,35.0,5.0,40.0,30.0,45.0,25.0,4.5,2.5,25.0,15.0,5.0,15.0,10.0,15.0,4.0,4.5,15.0,10.0,25.0,30.0,15.0,80.0,15.0,50.0,3.5,10.0,15.0,15.0,30.0,55.0,0.0,15.0,25.0,35.0,15.0
phentolamine,183.0,169.5,33.8,0.0,73.0,72.9,1513.0,51.0,0.0,464.0,174.2,89.4,109.5,196.0,422.8,159.0,1316.2,2252.8,125.0,40.0,112.2,468.0,439.0,67.5,90.5,97.5,252.5,202.20000000000002,227.0,89.6,123.6,315.8,149.0,67.5,310.4,150.79999999999998,125.0,49.0,99.0,582.0,52.599999999999994,765.0,33.1,126.0,155.4,168.0,953.0,357.0,76.5,110.8,174.0,513.2,394.8
phenylephrine,112.0,88.0,8.8,0.0,24.0,32.0,360.0,16.0,0.0,48.0,23.2,14.4,32.0,104.0,44.8,24.0,15.2,12.8,24.0,0.0,20.0,88.0,88.0,24.0,32.0,32.0,224.0,20.8,112.0,5.6,20.0,53.6,0.0,8.0,30.4,13.6,16.0,0.0,24.0,208.0,12.8,64.0,9.6,11.2,14.4,32.0,192.0,40.0,72.0,12.8,12.0,23.2,4.8
pilocarpine,305.5,503.0,16.0,2.5,0.0,109.0,0.0,65.0,0.0,8.0,269.2,7.3,7.8,554.5,8.0,4.8,4.0,0.0,139.0,8.0,114.5,8.6,0.0,40.0,190.0,50.0,0.0,55.0,28.2,120.0,359.8,24.0,40.0,19.8,190.4,247.0,237.6,0.0,42.0,63.0,55.3,0.0,20.0,46.2,83.2,16.0,4.0,4.8,0.0,58.8,56.0,8.0,0.0
pimavanserin,56.0,128.0,5.6,0.0,0.0,16.0,24.0,0.0,0.0,0.0,8.0,0.0,0.0,80.0,24.0,0.0,8.0,6.4,6.4,0.0,0.0,7.2,4.8,0.0,8.0,24.0,0.0,0.0,0.0,0.0,16.0,0.0,0.0,0.0,0.0,0.0,5.6,0.0,0.0,0.0,0.0,0.0,8.0,0.0,16.0,0.0,72.0,0.0,0.0,0.0,0.0,6.4,8.0
pimozide,118.0,195.5,17.1,0.0,5.6,37.0,203.5,5.6,0.0,51.5,183.5,4.0,5.0,140.0,96.0,8.0,64.0,104.4,38.4,32.0,32.0,75.7,52.8,4.0,38.5,78.0,0.0,60.0,48.0,64.0,257.0,48.0,0.0,419.8,28.0,208.9,64.1,4.8,32.0,8.0,8.0,64.0,53.6,51.5,34.0,24.0,176.0,148.0,128.0,40.0,40.0,49.4,83.0
pindolol,84.0,169.0,11.6,7.999999999999999,137.2,26.0,54.0,62.0,8.0,62.0,24.0,2.8,5.4,123.0,62.0,19.6,56.0,46.4,56.4,21.6,76.0,63.2,68.8,36.0,26.0,35.0,12.0,55.2,93.6,16.8,44.0,9.4,2.4,6.0,28.0,15.6,65.6,8.0,18.8,32.8,12.0,68.0,18.0,59.6,23.4,48.0,94.0,18.0,17.8,24.0,25.0,120.4,42.0
pipotiazine,4.0,4.5,3.5,0.0,0.0,5.0,3.5,0.0,0.0,3.5,165.0,4.0,5.0,5.0,0.0,0.0,0.0,10.0,0.0,0.0,0.0,4.5,0.0,0.0,4.5,35.0,0.0,4.0,0.0,40.0,210.0,0.0,0.0,415.0,4.0,200.0,2.5,0.0,0.0,0.0,0.0,0.0,40.0,3.5,5.0,0.0,0.0,20.0,0.0,0.0,0.0,3.0,3.0
pirenzepine,305.5,503.0,16.0,2.5,0.0,109.0,0.0,65.0,0.0,8.0,269.2,7.3,7.8,554.5,8.0,4.8,4.0,0.0,139.0,8.0,114.5,8.6,0.0,40.0,190.0,50.0,0.0,55.0,28.2,120.0,359.8,24.0,40.0,19.8,190.4,247.0,237.6,0.0,42.0,63.0,55.3,0.0,20.0,46.2,83.2,16.0,4.0,4.8,0.0,58.8,56.0,8.0,0.0
pizotifen,10.0,15.0,0.0,0.0,0.0,0.0,0.0,0.0,0.0,0.0,0.0,0.0,0.0,15.0,0.0,0.0,0.0,0.0,0.0,0.0,0.0,0.0,0.0,0.0,10.0,3.0,0.0,0.0,0.0,0.0,0.0,0.0,0.0,0.0,0.0,0.0,0.0,0.0,0.0,0.0,0.0,0.0,0.0,0.0,0.0,0.0,0.0,0.0,0.0,0.0,0.0,0.0,0.0
plerixafor,25.0,20.0,345.0,289.5,390.0,30.0,203.0,60.0,3125.0,178.5,40.0,17.5,22.5,25.0,193.0,65.0,178.0,143.5,55.0,93.5,55.0,290.0,273.5,20.0,40.0,65.0,55.0,58.5,705.0,148.5,30.0,73.0,25.0,262.5,183.5,30.0,65.0,15.0,520.0,2465.0,137.5,189.0,50.0,74.5,45.0,219.0,135.0,428.0,0.0,118.0,173.0,128.0,189.5
practolol,16.0,24.0,2.0,1.4,0.0,8.0,0.0,30.0,0.0,4.0,14.0,1.8,4.0,26.0,4.0,2.0,0.0,0.0,8.0,1.6,10.0,0.0,12.0,30.0,6.0,6.0,0.0,1.2,50.0,0.0,26.0,0.0,1.4,0.0,12.0,14.0,6.0,0.0,8.0,6.0,2.0,6.0,6.0,1.6,2.0,2.0,0.0,0.0,0.0,4.0,1.0,0.0,0.0
pramipexole,4.0,4.5,3.5,0.0,0.0,5.0,3.5,0.0,0.0,3.5,167.5,4.0,5.0,5.0,0.0,0.0,0.0,10.0,0.0,0.0,0.0,4.5,0.0,0.0,4.5,35.0,0.0,4.0,0.0,40.0,225.0,0.0,0.0,415.0,4.0,202.5,2.5,0.0,0.0,0.0,0.0,0.0,40.0,3.5,10.0,0.0,0.0,20.0,0.0,0.0,0.0,3.0,3.0
pramlintide,1.2,1.2,0.0,0.0,0.0,0.0,0.0,0.0,0.0,0.0,1.6,0.0,0.0,1.6,0.0,1.8,1.4,0.0,0.0,0.0,0.0,1.8,0.0,0.0,1.0,6.0,0.0,0.0,0.0,0.0,2.0,1.0,5400.0,0.0,0.0,1.2,0.0,0.0,0.0,1.2,0.0,0.0,0.0,0.0,1.8,0.0,0.0,1.4,0.0,0.0,0.0,0.0,0.0
pranlukast,22.4,22.4,24.0,64.0,72.0,13.6,28.8,47.2,20.8,24.0,23.2,23.2,21.6,15.2,32.0,8.0,20.8,22.4,80.0,16.0,104.0,31.2,32.0,28.0,23.2,24.0,8.0,22.4,32.0,24.0,14.4,24.0,7.2,20.0,22.4,21.6,20.8,4.8,32.0,88.0,16.0,36.0,24.0,22.4,20.0,36.0,16.0,24.0,8.0,20.0,16.0,16.0,21.6
prazosin,183.0,169.5,33.8,0.0,73.0,72.9,1513.0,51.0,0.0,464.0,174.2,89.4,109.5,196.0,422.8,159.0,1316.2,2252.8,125.0,40.0,112.2,468.0,439.0,67.5,90.5,97.5,252.5,202.20000000000002,227.0,89.6,123.6,315.8,149.0,67.5,310.4,150.79999999999998,125.0,49.0,99.0,582.0,52.599999999999994,765.0,33.1,126.0,155.4,168.0,953.0,357.0,76.5,110.8,174.0,513.2,394.8
procaterol,2.0,2.0,4.0,1.8,1.2,2.0,6.0,8.0,8.0,50.0,2.0,1.0,1.4,2.0,10.0,1.6,16.0,8.0,10.0,20.0,10.0,8.0,44.0,6.0,2.0,2.0,8.0,54.0,38.0,12.0,2.0,1.4,1.0,1.2,12.0,1.6,6.0,8.0,6.0,22.0,6.0,54.0,4.0,58.0,1.4,6.0,6.0,14.0,1.8,4.0,8.0,10.0,26.0
prochlorperazine,22.0,31.5,18.5,3.0,5.0,19.0,20.5,3.5,0.0,13.5,237.5,44.0,56.0,35.0,15.0,10.0,21.2,42.0,25.0,10.0,20.0,41.1,11.4,2.5,16.5,51.8,5.0,24.0,12.0,50.0,306.0,45.0,10.0,470.0,31.0,264.5,27.5,5.0,15.0,10.0,10.0,15.0,50.0,23.5,50.0,25.0,15.0,51.4,4.0,10.0,21.0,39.2,29.2
promazine,4.0,4.5,3.5,0.0,0.0,5.0,3.5,0.0,0.0,3.5,167.5,4.0,5.0,5.0,0.0,0.0,0.0,10.0,0.0,0.0,0.0,4.5,0.0,0.0,4.5,35.0,0.0,4.0,0.0,40.0,225.0,0.0,0.0,415.0,4.0,202.5,2.5,0.0,0.0,0.0,0.0,0.0,40.0,3.5,10.0,0.0,0.0,20.0,0.0,0.0,0.0,3.0,3.0
promethazine,48.0,48.0,8.0,0.0,5.6,16.0,176.0,5.6,0.0,48.0,8.0,0.0,0.0,40.0,72.0,8.0,56.0,88.0,32.0,32.0,32.0,64.0,48.0,4.0,16.0,16.0,0.0,56.0,48.0,24.0,16.0,48.0,0.0,4.8,24.0,6.4,56.0,4.8,32.0,8.0,8.0,64.0,5.6,48.0,8.0,24.0,104.0,128.0,128.0,40.0,40.0,40.0,72.0
propafenone,18.0,26.0,6.0,3.2,1.2,10.0,6.0,38.0,8.0,54.0,16.0,2.8,5.4,28.0,14.0,3.6,16.0,8.0,18.0,21.6,20.0,8.0,56.0,36.0,8.0,8.0,8.0,55.2,88.0,12.0,28.0,1.4,2.4,1.2,24.0,15.6,12.0,8.0,14.0,28.0,8.0,60.0,10.0,59.6,3.4,8.0,6.0,14.0,1.8,8.0,9.0,10.0,26.0
propantheline,305.5,503.0,0.0,2.5,0.0,109.0,0.0,65.0,0.0,8.0,269.2,2.5,3.0,554.5,8.0,4.8,4.0,0.0,139.0,8.0,114.5,8.6,0.0,40.0,186.0,34.0,0.0,55.0,28.2,120.0,359.8,24.0,40.0,19.8,190.4,247.0,237.6,0.0,42.0,59.0,55.3,0.0,4.0,46.2,75.2,16.0,4.0,0.0,0.0,58.8,56.0,8.0,0.0
propranolol,2.0,2.0,4.0,1.8,1.2,2.0,6.0,8.0,8.0,50.0,2.0,1.0,1.4,2.0,10.0,1.6,16.0,9.0,18.0,20.0,24.0,28.0,44.0,6.0,2.0,2.0,8.0,54.0,38.0,12.0,2.0,57.4,1.0,1.2,13.2,1.6,12.0,8.0,6.0,22.0,6.0,54.0,4.0,58.0,1.4,6.0,6.0,14.0,1.8,5.6,20.0,12.0,26.0
prucalopride,0.0,0.0,0.0,0.0,0.0,0.0,2.0,2.0,0.0,0.0,1.8,0.0,0.0,0.0,2.0,0.0,0.0,0.0,0.0,0.0,0.0,0.0,0.0,0.0,0.0,0.0,0.0,0.0,0.0,0.0,4.0,0.0,0.0,2.0,0.0,0.0,1.6,0.0,6.0,0.0,0.0,0.0,0.0,0.0,0.0,0.0,1.4,0.0,0.0,4.0,0.0,0.0,0.0
pyrilamine,48.0,48.0,8.0,0.0,5.6,16.0,176.0,5.6,0.0,48.0,8.0,0.0,0.0,40.0,72.0,8.0,56.0,88.0,32.0,32.0,32.0,64.0,48.0,4.0,16.0,16.0,0.0,56.0,48.0,24.0,16.0,48.0,0.0,4.8,24.0,6.4,56.0,4.8,32.0,8.0,8.0,64.0,5.6,48.0,8.0,24.0,104.0,128.0,128.0,40.0,40.0,40.0,72.0
quetiapine,133.0,224.0,17.1,0.0,5.6,43.0,203.5,5.6,0.0,55.5,211.0,14.0,15.0,164.5,96.0,8.0,64.0,109.4,38.4,32.0,34.5,78.7,56.3,4.0,42.5,87.5,0.0,60.0,50.5,64.0,297.0,58.0,0.0,423.3,28.0,236.4,64.1,4.8,57.0,8.0,13.0,69.0,53.6,51.5,37.0,26.5,176.0,154.0,128.0,40.0,40.0,52.9,83.0
ramelteon,0.0,0.0,0.0,0.0,0.0,0.0,0.0,0.0,0.0,0.0,0.0,5.0,5.0,0.0,0.0,0.0,0.0,0.0,0.0,0.0,0.0,0.0,0.0,0.0,0.0,0.0,0.0,0.0,0.0,0.0,0.0,0.0,0.0,0.0,0.0,0.0,0.0,0.0,0.0,0.0,0.0,0.0,0.0,0.0,8.5,0.0,0.0,0.0,0.0,0.0,0.0,0.0,0.0
ranitidine,16.0,32.0,5.6,0.0,4.8,4.0,16.0,24.0,376.0,16.0,16.0,0.0,0.0,24.0,40.0,5.6,16.0,16.0,7.2,4.0,7.2,24.0,24.0,32.0,4.0,4.0,0.0,8.0,40.0,5.6,24.0,4.8,0.0,4.0,16.0,16.0,4.8,0.0,6.4,48.0,56.0,32.0,0.0,4.0,4.8,8.0,32.0,16.0,0.0,0.0,8.0,16.0,8.0
regadenoson,21.0,16.5,9.0,9.5,64.0,13.0,371.8,11.6,13.600000000000001,24.0,15.4,12.6,17.0,19.0,252.0,36.0,69.0,66.0,44.0,39.0,52.0,46.0,32.0,12.0,13.0,11.0,27.0,30.0,54.0,9.0,17.3,25.0,6.5,23.0,31.0,14.4,28.0,5.2,29.0,75.4,16.8,32.0,9.0,34.0,18.0,37.0,367.0,89.0,33.0,37.0,21.0,54.0,50.0
risperidone,286.0,359.8,36.400000000000006,0.0,33.6,108.4,732.5,21.6,0.0,123.7,372.7,28.4,47.0,315.09999999999997,222.8,32.0,221.2,248.60000000000002,93.4,33.6,76.7,210.2,160.3,28.0,118.4,265.5,224.0,89.0,208.7,74.6,615.6,121.8,0.0,433.8,101.9,342.70000000000005,105.3,4.8,83.0,241.0,37.599999999999994,156.0,81.7,68.5,113.4,77.5,530.4,272.5,280.0,61.8,98.0,121.10000000000001,133.3
rizatriptan,30.0,53.5,2.5,0.0,0.0,9.0,75.0,0.0,0.0,7.0,40.0,10.0,10.0,49.5,70.0,0.0,5.0,10.0,15.0,0.0,17.5,6.5,3.5,0.0,16.5,17.5,0.0,0.0,7.5,0.0,75.0,13.0,0.0,6.0,2.5,35.0,0.0,0.0,25.0,0.0,10.0,10.0,2.5,0.0,18.0,5.5,145.0,10.5,70.0,0.0,10.0,8.5,3.5
rolapitant,9.0,9.0,0.0,0.0,0.0,5.3999999999999995,18.0,0.0,0.0,72.0,27.0,0.0,0.0,9.0,27.0,6.3,72.0,135.0,18.0,18.0,18.0,54.0,36.0,0.0,6.3,9.0,0.0,36.0,9.0,18.0,18.0,9.0,0.0,0.0,18.0,27.0,18.0,0.0,8.1,0.0,0.0,108.0,0.0,36.0,0.0,8.1,27.0,63.0,0.0,7.2,27.0,72.0,45.0
ropinirole,4.0,4.5,3.5,0.0,0.0,5.0,3.5,0.0,0.0,3.5,167.5,4.0,5.0,5.0,0.0,0.0,0.0,10.0,0.0,0.0,0.0,4.5,0.0,0.0,4.5,35.0,0.0,4.0,0.0,40.0,225.0,0.0,0.0,415.0,4.0,202.5,2.5,0.0,0.0,0.0,0.0,0.0,40.0,3.5,10.0,0.0,0.0,20.0,0.0,0.0,0.0,3.0,3.0
rosiglitazone,0.0,0.0,32.0,32.0,0.0,4.8,0.0,0.0,0.0,0.0,6.4,0.0,0.0,4.8,0.0,0.0,0.0,0.0,0.0,0.0,0.0,0.0,0.0,0.0,7.2,4.8,0.0,0.0,0.0,0.0,4.0,40.0,16.0,0.0,0.0,6.4,0.0,0.0,4.8,5.6,0.0,0.0,8.0,0.0,4.8,0.0,0.0,0.0,0.0,0.0,0.0,0.0,0.0
rotigotine,28.0,35.5,18.5,3.0,5.0,20.0,20.5,3.5,0.0,13.5,239.5,44.0,56.0,39.0,15.0,10.0,21.2,42.0,25.0,10.0,20.0,41.1,11.4,2.5,18.5,53.8,5.0,24.0,12.0,50.0,307.4,45.0,10.0,471.0,31.0,266.5,27.5,5.0,15.0,10.0,14.0,15.0,50.0,23.5,52.0,25.0,15.0,51.4,4.0,10.0,21.0,39.2,29.2
roxithromycin,0.0,0.0,0.0,0.0,0.0,0.0,0.0,0.0,0.0,0.0,0.0,0.0,0.0,0.0,0.0,0.0,0.0,0.0,0.0,0.0,0.0,0.0,0.0,0.0,0.0,0.0,0.0,0.0,0.0,0.0,0.0,0.0,0.0,0.0,0.0,0.0,0.0,0.0,0.0,0.0,0.0,0.0,0.0,0.0,4.0,4.0,0.0,0.0,0.0,0.0,0.0,0.0,0.0
salbutamol,2.0,2.0,4.0,1.8,1.2,2.0,6.0,8.0,8.0,50.0,2.0,1.0,1.4,2.0,10.0,1.6,16.0,8.0,10.0,20.0,10.0,8.0,44.0,6.0,2.0,2.0,8.0,54.0,38.0,12.0,2.0,1.4,1.0,1.2,12.0,1.6,6.0,8.0,6.0,22.0,6.0,54.0,4.0,58.0,1.4,6.0,6.0,14.0,1.8,4.0,8.0,10.0,26.0
salmeterol,2.0,2.0,4.0,1.8,1.2,2.0,6.0,8.0,8.0,50.0,2.0,1.0,1.4,2.0,10.0,1.6,16.0,8.0,10.0,20.0,10.0,8.0,44.0,6.0,2.0,2.0,8.0,54.0,38.0,12.0,2.0,1.4,1.0,1.2,12.0,1.6,6.0,8.0,6.0,22.0,6.0,54.0,4.0,58.0,1.4,6.0,6.0,14.0,1.8,4.0,8.0,10.0,26.0
sarpogrelate,72.0,136.0,13.6,4.8,136.0,40.0,48.0,24.0,0.0,8.0,120.0,0.0,0.0,87.2,48.0,16.0,40.0,38.4,38.4,0.0,56.0,55.2,12.8,0.0,24.0,152.0,4.0,0.0,5.6,4.8,264.0,8.0,0.0,4.8,4.0,72.0,53.6,0.0,4.8,4.8,4.0,8.0,24.0,0.0,20.0,40.0,88.0,4.0,16.0,16.0,16.0,110.4,16.0
scopolamine,305.5,503.0,0.0,2.5,0.0,109.0,0.0,65.0,0.0,8.0,269.2,2.5,3.0,554.5,8.0,4.8,4.0,0.0,139.0,8.0,114.5,8.6,0.0,40.0,186.0,34.0,0.0,55.0,28.2,120.0,359.8,24.0,40.0,19.8,190.4,247.0,237.6,0.0,42.0,59.0,55.3,0.0,4.0,46.2,75.2,16.0,4.0,0.0,0.0,58.8,56.0,8.0,0.0
secretin,0.0,0.0,0.0,0.0,0.0,0.0,0.0,0.0,0.0,0.0,0.0,0.0,0.0,0.0,0.0,0.0,0.0,0.0,0.0,0.0,0.0,0.0,0.0,0.0,0.0,0.0,0.0,0.0,0.0,0.0,0.0,0.0,0.0,0.0,0.0,0.0,0.0,0.0,0.0,0.0,0.0,0.0,0.0,0.0,0.0,0.0,0.0,0.0,0.0,0.0,0.0,0.0,0.0
selexipag,0.0,0.0,0.0,34.0,12.0,0.0,200.0,28.0,6.0,10.0,0.0,0.0,0.0,0.0,88.0,16.0,8.0,10.0,12.0,4.0,12.0,18.0,24.0,8.0,0.0,0.0,8.0,8.0,74.0,8.0,0.0,4.0,6.0,4.0,4.0,0.0,10.0,2.0,10.0,24.0,8.0,14.0,0.0,8.0,1.0,40.0,66.0,14.0,44.0,6.0,4.0,10.0,12.0
silodosin,128.0,112.0,8.8,0.0,28.0,38.4,448.0,16.0,0.0,64.0,31.2,14.4,32.0,128.0,52.8,24.0,151.2,132.8,40.0,0.0,27.2,128.0,104.0,24.0,56.0,40.0,224.0,27.2,152.0,9.6,25.6,60.8,0.0,8.0,70.4,20.8,40.0,0.0,24.0,232.0,17.6,80.0,9.6,16.0,30.4,48.0,208.0,112.0,72.0,20.8,44.0,63.2,44.8
solifenacin,305.5,503.0,16.0,2.5,0.0,109.0,0.0,65.0,0.0,8.0,269.2,7.3,7.8,554.5,8.0,4.8,4.0,0.0,139.0,8.0,114.5,8.6,0.0,40.0,190.0,50.0,0.0,55.0,28.2,120.0,359.8,24.0,40.0,19.8,190.4,247.0,237.6,0.0,42.0,63.0,55.3,0.0,20.0,46.2,83.2,16.0,4.0,4.8,0.0,58.8,56.0,8.0,0.0
sonidegib,30.0,20.0,20.0,45.0,45.0,25.0,105.0,35.0,0.0,60.0,30.0,35.0,50.0,30.0,70.0,85.0,245.0,350.0,100.0,90.0,80.0,155.0,45.0,20.0,20.0,30.0,70.0,110.0,35.0,95.0,30.0,305.0,25.0,210.0,200.0,25.0,85.0,10.0,40.0,30.0,40.0,35.0,30.0,125.0,65.0,110.0,40.0,190.0,60.0,40.0,75.0,280.0,180.0
sotalol,18.0,26.0,6.0,3.2,1.2,10.0,6.0,38.0,8.0,54.0,16.0,2.8,5.4,28.0,14.0,3.6,16.0,8.0,18.0,21.6,20.0,8.0,56.0,36.0,8.0,8.0,8.0,55.2,88.0,12.0,28.0,1.4,2.4,1.2,24.0,15.6,12.0,8.0,14.0,28.0,8.0,60.0,10.0,59.6,3.4,8.0,6.0,14.0,1.8,8.0,9.0,10.0,26.0
sufentanil,0.0,0.0,0.0,0.0,0.0,0.0,0.0,0.0,0.0,0.0,0.0,5.0,10.0,0.0,0.0,0.0,0.0,0.0,0.0,0.0,0.0,0.0,0.0,0.0,0.0,0.0,0.0,0.0,0.0,0.0,0.0,0.0,0.0,0.0,0.0,0.0,0.0,0.0,0.0,0.0,0.0,0.0,0.0,0.0,10.0,0.0,0.0,0.0,0.0,0.0,0.0,0.0,0.0
sulpiride,4.0,4.5,3.5,0.0,0.0,5.0,3.5,0.0,0.0,3.5,167.5,4.0,5.0,5.0,0.0,0.0,0.0,10.0,0.0,0.0,0.0,4.5,0.0,0.0,4.5,35.0,0.0,4.0,0.0,40.0,225.0,0.0,0.0,415.0,4.0,202.5,2.5,0.0,0.0,0.0,0.0,0.0,40.0,3.5,10.0,0.0,0.0,20.0,0.0,0.0,0.0,3.0,3.0
sumatriptan,69.0,134.3,6.0,0.0,0.0,19.0,81.0,0.0,0.0,8.2,61.0,170.0,150.0,109.9,74.0,0.0,6.0,11.4,15.0,1.6,17.5,6.5,3.5,0.0,27.9,57.5,0.0,1.8,8.7,1.0,105.0,13.0,0.0,6.0,3.5,51.0,1.2,0.0,27.0,1.0,12.0,12.0,12.5,1.0,54.0,5.5,146.4,12.5,80.0,1.0,14.0,8.5,5.5
suramin,94.0,89.0,73.0,192.0,77.0,86.0,85.0,56.0,439.0,93.0,122.0,108.0,115.0,97.0,101.0,46.5,152.0,165.0,81.6,557.0,80.8,154.0,82.0,64.0,78.8,79.0,49.1,236.0,275.0,101.0,182.0,174.4,40.0,100.5,165.0,98.0,193.8,272.0,177.0,620.0,58.7,88.4,74.4,236.0,120.0,260.0,60.0,189.0,56.0,194.0,123.5,179.5,467.5
suvorexant,0.0,0.0,0.0,0.0,0.0,0.0,7.2,0.0,0.0,5.3999999999999995,0.0,0.0,0.0,5.3999999999999995,5.3999999999999995,0.0,0.0,0.0,5.3999999999999995,0.0,6.3,5.3999999999999995,6.3,0.0,0.0,17.1,0.0,0.0,0.0,0.0,0.0,0.0,0.0,9.0,0.0,0.0,0.0,0.0,0.0,0.0,0.0,4.5,0.0,0.0,4.5,18.0,0.0,0.0,0.0,0.0,0.0,0.0,0.0
tafluprost,4.0,0.0,0.0,0.0,32.0,0.0,24.0,8.0,0.0,88.0,0.0,0.0,0.0,0.0,64.0,16.0,64.0,40.0,80.0,8.0,24.0,72.0,32.0,0.0,7.2,16.0,7.2,80.0,24.0,56.0,0.0,40.0,7.2,0.0,16.0,0.0,24.0,8.0,24.0,4.0,8.0,160.0,0.0,64.0,7.2,16.0,104.0,440.0,384.0,16.0,48.0,176.0,56.0
tamoxifen,50.0,45.0,30.0,135.0,70.0,40.0,45.0,15.0,15.0,60.0,55.0,25.0,40.0,60.0,55.0,40.0,35.0,50.0,65.0,15.0,55.0,60.0,65.0,15.0,40.0,35.0,75.0,20.0,60.0,20.0,40.0,25.0,5.0,55.0,55.0,60.0,80.0,5.0,20.0,80.0,185.0,85.0,50.0,20.0,15.0,95.0,80.0,95.0,15.0,45.0,45.0,55.0,35.0
tamsulosin,128.0,112.0,8.8,0.0,28.0,38.4,448.0,16.0,0.0,64.0,31.2,14.4,32.0,128.0,52.8,24.0,151.2,132.8,40.0,0.0,27.2,128.0,104.0,24.0,56.0,40.0,224.0,27.2,152.0,9.6,25.6,60.8,0.0,8.0,70.4,20.8,40.0,0.0,24.0,232.0,17.6,80.0,9.6,16.0,30.4,48.0,208.0,112.0,72.0,20.8,44.0,63.2,44.8
tapentadol,0.0,0.0,0.0,0.0,0.0,0.0,0.0,0.0,0.0,0.0,0.0,5.0,10.0,0.0,0.0,0.0,0.0,0.0,0.0,0.0,0.0,0.0,0.0,0.0,0.0,0.0,0.0,0.0,0.0,0.0,0.0,0.0,0.0,0.0,0.0,0.0,0.0,0.0,0.0,0.0,0.0,0.0,0.0,0.0,10.0,0.0,0.0,0.0,0.0,0.0,0.0,0.0,0.0
tasimelteon,0.0,0.0,0.0,0.0,0.0,0.0,0.0,0.0,0.0,0.0,0.0,5.0,5.0,0.0,0.0,0.0,0.0,0.0,0.0,0.0,0.0,0.0,0.0,0.0,0.0,0.0,0.0,0.0,0.0,0.0,0.0,0.0,0.0,0.0,0.0,0.0,0.0,0.0,0.0,0.0,0.0,0.0,0.0,0.0,8.5,0.0,0.0,0.0,0.0,0.0,0.0,0.0,0.0
teduglutide,0.0,0.0,0.0,0.0,0.0,0.0,0.0,0.0,0.0,0.0,0.0,0.0,0.0,0.0,0.0,0.0,0.0,0.0,0.0,0.0,0.0,0.0,0.0,0.0,0.0,0.0,0.0,0.0,0.0,0.0,0.0,0.0,0.0,0.0,0.0,0.0,0.0,0.0,0.0,0.0,0.0,0.0,0.0,0.0,0.0,0.0,0.0,0.0,0.0,0.0,0.0,0.0,0.0
telmisartan,0.0,0.0,0.0,0.0,324.0,0.0,63.0,63.0,0.0,369.0,0.0,0.0,0.0,0.0,90.0,54.0,54.0,72.0,99.0,18.0,90.0,117.0,342.0,18.0,0.0,5.3999999999999995,288.0,162.0,135.0,45.0,0.0,27.0,18.0,18.0,54.0,0.0,225.0,54.0,27.0,54.0,27.0,729.0,6.3,72.0,27.0,180.0,153.0,135.0,72.0,54.0,90.0,54.0,54.0
terazosin,128.0,112.0,8.8,0.0,28.0,38.4,448.0,16.0,0.0,64.0,31.2,14.4,32.0,128.0,52.8,24.0,151.2,132.8,40.0,0.0,27.2,128.0,104.0,24.0,56.0,40.0,224.0,27.2,152.0,9.6,25.6,60.8,0.0,8.0,70.4,20.8,40.0,0.0,24.0,232.0,17.6,80.0,9.6,16.0,30.4,48.0,208.0,112.0,72.0,20.8,44.0,63.2,44.8
terbutaline,2.0,2.0,4.0,1.8,1.2,2.0,6.0,8.0,8.0,50.0,2.0,1.0,1.4,2.0,10.0,1.6,16.0,8.0,10.0,20.0,10.0,8.0,44.0,6.0,2.0,2.0,8.0,54.0,38.0,12.0,2.0,1.4,1.0,1.2,12.0,1.6,6.0,8.0,6.0,22.0,6.0,54.0,4.0,58.0,1.4,6.0,6.0,14.0,1.8,4.0,8.0,10.0,26.0
terguride,172.0,249.5,64.4,7.8,186.0,103.5,1206.5,62.5,0.0,440.5,477.7,125.4,148.5,217.7,507.8,161.0,1237.2,2208.2000000000003,171.4,50.0,180.0,438.2,381.8,62.0,93.5,280.0,181.5,203.8,135.6,140.4,666.0,316.6,159.0,536.8,299.5,445.1,174.1,54.0,127.8,396.8,58.8,737.0,105.6,137.5,216.0,188.0,1009.0,306.0,94.5,120.8,180.8,610.6,397.5
teriparatide,34.0,30.0,24.0,0.0,82.0,24.0,28.0,22.0,0.0,48.0,26.0,22.0,30.0,36.0,62.0,472.0,72.0,88.0,46.0,8.0,46.0,58.0,70.0,22.0,28.0,28.0,66.0,24.0,68.0,6.0,22.0,56.0,8.0,14.0,26.0,28.0,24.0,8.0,18.0,118.0,12.0,62.0,40.0,20.0,30.0,20.0,52.0,30.0,8.0,14.0,26.0,74.0,50.0
tesamorelin,0.0,0.0,0.0,0.0,0.0,0.0,0.0,14.0,0.0,0.0,0.0,0.0,0.0,0.0,0.0,0.0,0.0,0.0,0.0,0.0,0.0,0.0,0.0,0.0,0.0,8.0,0.0,0.0,0.0,0.0,0.0,0.0,0.0,0.0,0.0,0.0,0.0,0.0,0.0,0.0,0.0,0.0,0.0,0.0,0.0,0.0,0.0,0.0,0.0,0.0,0.0,0.0,0.0
theophylline,21.0,16.5,9.0,9.5,64.0,13.0,371.8,11.6,13.600000000000001,24.0,15.4,12.6,17.0,19.0,252.0,36.0,69.0,66.0,44.0,39.0,52.0,46.0,32.0,12.0,13.0,11.0,27.0,30.0,54.0,9.0,17.3,25.0,6.5,23.0,31.0,14.4,28.0,5.2,29.0,75.4,16.8,32.0,9.0,34.0,18.0,37.0,367.0,89.0,33.0,37.0,21.0,54.0,50.0
thioridazine,148.0,220.8,21.6,0.0,5.6,61.0,208.0,5.6,0.0,49.2,196.0,0.0,1.0,161.6,100.0,8.0,66.2,97.80000000000001,38.4,33.6,32.0,72.8,54.199999999999996,4.0,55.4,179.8,0.0,57.8,51.2,25.0,357.4,48.0,0.0,5.8,27.0,138.4,62.800000000000004,4.8,34.0,9.0,14.0,66.0,29.6,49.0,57.0,24.0,177.4,131.4,138.0,41.0,45.0,47.6,83.2
thiothixene,104.0,176.0,13.6,0.0,5.6,32.0,200.0,5.6,0.0,48.0,16.0,0.0,0.0,120.0,96.0,8.0,64.0,94.4,38.4,32.0,32.0,71.2,52.8,4.0,24.0,40.0,0.0,56.0,48.0,24.0,32.0,48.0,0.0,4.8,24.0,6.4,61.6,4.8,32.0,8.0,8.0,64.0,13.6,48.0,24.0,24.0,176.0,128.0,128.0,40.0,40.0,46.4,80.0
ticagrelor,0.0,0.0,0.0,0.0,0.0,0.0,0.0,0.0,0.0,0.0,0.0,0.0,0.0,0.0,0.0,0.0,0.0,0.0,0.0,0.0,0.0,0.0,0.0,0.0,0.0,0.0,0.0,0.0,0.0,0.0,0.0,0.0,0.0,0.0,0.0,0.0,0.0,0.0,0.0,0.0,0.0,0.0,0.0,0.0,0.0,0.0,0.0,0.0,0.0,0.0,0.0,0.0,0.0
timolol,2.0,2.0,4.0,1.8,1.2,2.0,6.0,8.0,8.0,50.0,2.0,1.0,1.4,2.0,10.0,1.6,16.0,8.0,10.0,20.0,10.0,8.0,44.0,6.0,2.0,2.0,8.0,54.0,38.0,12.0,2.0,1.4,1.0,1.2,12.0,1.6,6.0,8.0,6.0,22.0,6.0,54.0,4.0,58.0,1.4,6.0,6.0,14.0,1.8,4.0,8.0,10.0,26.0
tiotropium,290.5,468.0,0.0,0.0,0.0,104.0,0.0,65.0,0.0,8.0,199.2,0.0,0.0,514.5,8.0,4.8,4.0,0.0,136.0,8.0,111.0,5.6,0.0,40.0,176.0,29.0,0.0,40.0,28.2,120.0,284.8,24.0,40.0,4.8,190.4,192.0,222.6,0.0,12.0,4.0,55.3,0.0,4.0,31.2,10.2,16.0,4.0,0.0,0.0,53.8,56.0,8.0,0.0
tolterodine,305.5,503.0,16.0,2.5,0.0,109.0,0.0,65.0,0.0,8.0,269.2,7.3,7.8,554.5,8.0,4.8,4.0,0.0,139.0,8.0,114.5,8.6,0.0,40.0,190.0,50.0,0.0,55.0,28.2,120.0,359.8,24.0,40.0,19.8,190.4,247.0,237.6,0.0,42.0,63.0,55.3,0.0,20.0,46.2,83.2,16.0,4.0,4.8,0.0,58.8,56.0,8.0,0.0
tolvaptan,0.0,0.0,0.0,0.0,336.0,0.0,18.0,8.8,0.0,134.0,0.0,10.0,8.0,0.0,48.0,30.0,100.0,88.0,32.0,10.0,34.0,148.0,232.0,14.0,0.0,0.0,80.0,38.0,11.2,20.0,0.0,17.2,8.6,8.0,28.0,0.0,30.0,12.0,12.0,7.6,20.0,236.0,0.0,30.0,8.6,128.0,428.0,54.0,0.0,12.0,30.0,132.0,56.0
tramadol,20.0,25.0,0.0,0.0,0.0,8.5,0.0,0.0,0.0,0.0,15.0,10.0,15.0,25.0,0.0,0.0,0.0,0.0,0.0,0.0,0.0,0.0,0.0,0.0,6.5,17.5,0.0,0.0,0.0,0.0,25.0,0.0,0.0,0.0,0.0,8.5,2.5,0.0,0.0,0.0,0.0,0.0,0.0,0.0,14.5,0.0,0.0,0.0,0.0,0.0,0.0,0.0,0.0
trazodone,72.0,136.0,13.6,4.8,136.0,40.0,48.0,24.0,0.0,8.0,120.0,0.0,0.0,87.2,48.0,16.0,40.0,38.4,38.4,0.0,56.0,55.2,12.8,0.0,24.0,152.0,4.0,0.0,5.6,4.8,264.0,8.0,0.0,4.8,4.0,72.0,53.6,0.0,4.8,4.8,4.0,8.0,24.0,0.0,20.0,40.0,88.0,4.0,16.0,16.0,16.0,110.4,16.0
treprostinil,4.0,7.0,17.6,39.6,54.0,6.6,335.6,39.699999999999996,88.0,138.4,8.2,0.0,0.0,4.8,179.0,234.0,96.4,164.0,74.0,29.0,61.8,122.0,213.0,16.0,1.4,17.6,12.799999999999999,83.0,183.0,54.8,9.0,39.0,51.2,40.5,64.0,6.4,112.4,6.0,99.0,228.0,142.4,194.8,2.0,72.6,27.1,79.4,211.0,75.0,174.4,99.8,61.2,528.4,69.0
trifluoperazine,134.0,203.5,40.1,3.0,10.6,71.0,218.5,9.1,0.0,61.5,303.0,44.0,55.0,152.2,111.0,18.0,84.0,134.4,63.4,42.0,52.0,110.7,62.8,6.5,54.5,218.0,5.0,80.0,58.0,74.0,505.0,93.0,10.0,474.8,53.0,288.4,89.1,9.8,47.0,18.0,18.0,79.0,79.6,71.5,69.0,49.0,191.0,178.0,132.0,50.0,60.0,84.4,108.0
trihexyphenidyl,248.0,392.0,0.0,0.0,0.0,96.0,0.0,0.0,0.0,4.0,192.0,0.0,0.0,456.0,0.0,0.0,0.0,0.0,0.0,0.0,0.0,0.0,0.0,0.0,168.0,16.0,0.0,32.0,16.0,88.0,280.0,0.0,0.0,0.0,184.0,184.0,5.6,0.0,4.0,0.0,4.8,0.0,4.0,24.0,0.0,0.0,0.0,0.0,0.0,4.8,0.0,0.0,0.0
tripelennamine,48.0,48.0,8.0,0.0,5.6,16.0,176.0,5.6,0.0,48.0,8.0,0.0,0.0,40.0,72.0,8.0,56.0,88.0,32.0,32.0,32.0,64.0,48.0,4.0,16.0,16.0,0.0,56.0,48.0,24.0,16.0,48.0,0.0,4.8,24.0,6.4,56.0,4.8,32.0,8.0,8.0,64.0,5.6,48.0,8.0,24.0,104.0,128.0,128.0,40.0,40.0,40.0,72.0
triprolidine,48.0,48.0,8.0,0.0,5.6,16.0,176.0,5.6,0.0,48.0,8.0,0.0,0.0,40.0,72.0,8.0,56.0,88.0,32.0,32.0,32.0,64.0,48.0,4.0,16.0,16.0,0.0,56.0,48.0,24.0,16.0,48.0,0.0,4.8,24.0,6.4,56.0,4.8,32.0,8.0,8.0,64.0,5.6,48.0,8.0,24.0,104.0,128.0,128.0,40.0,40.0,40.0,72.0
triptorelin,16.0,16.0,32.0,40.0,16.0,16.0,144.0,32.0,24.0,80.0,24.0,168.0,160.0,24.0,104.0,40.0,104.0,136.0,96.0,64.0,88.0,104.0,56.0,24.0,16.0,24.0,16.0,120.0,80.0,72.0,24.0,136.0,24.0,80.0,120.0,32.0,88.0,16.0,72.0,104.0,40.0,80.0,24.0,104.0,72.0,80.0,112.0,400.0,72.0,72.0,64.0,112.0,128.0
tropicamide,40.0,72.0,0.0,0.0,0.0,8.0,0.0,0.0,0.0,4.0,7.2,0.0,0.0,56.0,8.0,4.8,0.0,0.0,96.0,8.0,96.0,5.6,0.0,0.0,8.0,8.0,0.0,8.0,7.2,32.0,4.8,24.0,40.0,4.8,6.4,8.0,72.0,0.0,8.0,4.0,48.0,0.0,0.0,7.2,7.2,16.0,4.0,0.0,0.0,24.0,16.0,8.0,0.0
tropisetron,0.0,0.0,0.0,0.0,0.0,0.0,2.0,2.0,0.0,0.0,1.8,0.0,0.0,0.0,2.0,0.0,0.0,0.0,0.0,0.0,0.0,0.0,0.0,0.0,0.0,0.0,0.0,0.0,0.0,0.0,4.0,0.0,0.0,2.0,0.0,0.0,1.6,0.0,6.0,0.0,0.0,0.0,0.0,0.0,0.0,0.0,1.4,0.0,0.0,4.0,0.0,0.0,0.0
umeclidinium,305.5,503.0,16.0,2.5,0.0,109.0,0.0,65.0,0.0,8.0,269.2,7.3,7.8,554.5,8.0,4.8,4.0,0.0,139.0,8.0,114.5,8.6,0.0,40.0,190.0,50.0,0.0,55.0,28.2,120.0,359.8,24.0,40.0,19.8,190.4,247.0,237.6,0.0,42.0,63.0,55.3,0.0,20.0,46.2,83.2,16.0,4.0,4.8,0.0,58.8,56.0,8.0,0.0
valsartan,0.0,0.0,0.0,0.0,324.0,0.0,63.0,63.0,0.0,369.0,0.0,0.0,0.0,0.0,90.0,54.0,54.0,72.0,99.0,18.0,90.0,117.0,342.0,18.0,0.0,5.3999999999999995,288.0,162.0,135.0,45.0,0.0,27.0,18.0,18.0,54.0,0.0,225.0,54.0,27.0,54.0,27.0,729.0,6.3,72.0,27.0,180.0,153.0,135.0,72.0,54.0,90.0,54.0,54.0
vapreotide,60.0,90.0,12.5,145.0,30.0,24.5,29.5,32.5,5.0,20.0,20.0,220.0,190.0,80.0,9.5,25.0,5.0,10.0,5.0,3.0,5.0,15.0,20.0,12.5,35.0,45.0,4.0,4.0,5.0,7.5,40.0,34.0,6.0,135.0,20.0,10.0,5.0,3.5,5.0,65.0,10.0,20.0,14.0,3.5,92.5,15.0,5.0,15.0,0.0,5.0,8.5,25.0,5.0
vasopressin,24.0,16.0,24.0,160.0,336.0,16.0,26.0,12.8,0.0,198.0,24.0,31.6,30.4,16.0,55.2,34.0,104.0,104.0,32.0,17.2,38.0,153.6,232.0,14.0,16.0,40.0,80.0,38.0,16.799999999999997,20.0,56.0,33.2,8.6,92.8,36.0,24.0,30.0,12.0,12.0,14.0,20.0,236.0,48.0,30.0,14.2,133.6,432.0,61.2,24.0,12.0,30.0,139.2,60.0
vilanterol,2.0,2.0,4.0,1.8,1.2,2.0,6.0,8.0,8.0,50.0,2.0,1.0,1.4,2.0,10.0,1.6,16.0,8.0,10.0,20.0,10.0,8.0,44.0,6.0,2.0,2.0,8.0,54.0,38.0,12.0,2.0,1.4,1.0,1.2,12.0,1.6,6.0,8.0,6.0,22.0,6.0,54.0,4.0,58.0,1.4,6.0,6.0,14.0,1.8,4.0,8.0,10.0,26.0
vilazodone,62.0,67.5,11.5,0.0,5.6,21.0,181.5,7.6,0.0,51.5,177.3,4.0,5.0,60.0,74.0,8.0,56.0,98.0,32.0,32.0,32.0,68.5,48.0,4.0,30.5,54.0,0.0,60.0,48.0,64.0,245.0,48.0,0.0,421.8,28.0,208.9,60.1,4.8,38.0,8.0,8.0,64.0,45.6,51.5,18.0,24.0,105.4,148.0,128.0,44.0,40.0,43.0,75.0
vismodegib,30.0,20.0,20.0,45.0,45.0,25.0,105.0,35.0,0.0,60.0,30.0,35.0,50.0,30.0,70.0,85.0,245.0,350.0,100.0,90.0,80.0,155.0,45.0,20.0,20.0,30.0,70.0,110.0,35.0,95.0,30.0,305.0,25.0,210.0,200.0,25.0,85.0,10.0,40.0,30.0,40.0,35.0,30.0,125.0,65.0,110.0,40.0,190.0,60.0,40.0,75.0,280.0,180.0
vorapaxar,0.0,0.0,0.0,0.0,0.0,0.0,0.0,0.0,0.0,0.0,0.0,0.0,0.0,0.0,0.0,0.0,0.0,0.0,0.0,0.0,0.0,0.0,0.0,0.0,0.0,0.0,0.0,0.0,0.0,0.0,0.0,0.0,0.0,0.0,0.0,0.0,0.0,0.0,0.0,0.0,0.0,0.0,0.0,0.0,0.0,0.0,0.0,0.0,0.0,0.0,0.0,0.0,0.0
vortioxetine,126.0,241.8,19.6,0.0,0.0,53.0,105.0,0.0,0.0,4.2,151.0,160.0,140.0,172.6,98.0,0.0,14.0,12.8,21.4,1.6,15.0,10.7,4.8,0.0,47.9,200.0,0.0,1.8,6.2,1.0,314.0,3.0,0.0,2.5,3.5,93.0,6.8,0.0,2.0,1.0,7.0,7.0,36.5,1.0,62.0,3.0,218.4,6.5,80.0,1.0,14.0,11.4,13.5
yohimbine,122.0,187.8,31.0,4.8,181.0,53.5,1170.0,59.0,0.0,416.2,198.0,245.0,227.5,173.9,468.0,151.0,1203.0,2163.4,132.0,41.6,158.5,394.5,346.5,43.5,62.4,114.0,32.5,176.8,89.30000000000001,85.8,193.0,276.0,149.0,70.3,247.5,175.0,134.2,49.0,106.8,355.8,51.0,705.0,36.0,111.0,182.0,165.5,907.4,261.5,100.5,107.0,160.0,562.5,363.5
zafirlukast,22.4,22.4,24.0,64.0,72.0,13.6,28.8,47.2,20.8,24.0,23.2,23.2,21.6,15.2,32.0,8.0,20.8,22.4,80.0,16.0,104.0,31.2,32.0,28.0,23.2,24.0,8.0,22.4,32.0,24.0,14.4,24.0,7.2,20.0,22.4,21.6,20.8,4.8,32.0,88.0,16.0,36.0,24.0,22.4,20.0,36.0,16.0,24.0,8.0,20.0,16.0,16.0,21.6
ziprasidone,156.0,243.8,27.6,0.0,5.6,70.0,284.5,5.6,0.0,55.7,333.0,14.0,15.0,183.1,170.0,8.0,70.0,110.80000000000001,53.4,33.6,49.5,79.2,52.8,4.0,62.4,224.5,0.0,61.8,54.2,65.0,565.0,61.0,0.0,422.3,31.5,313.4,65.3,4.8,59.0,9.0,20.0,71.0,72.1,52.5,77.0,27.0,322.4,157.0,208.0,41.0,54.0,54.4,88.5
zolmitriptan,30.0,53.5,2.5,0.0,0.0,9.0,75.0,0.0,0.0,7.0,40.0,10.0,10.0,49.5,70.0,0.0,5.0,10.0,15.0,0.0,17.5,6.5,3.5,0.0,16.5,17.5,0.0,0.0,7.5,0.0,75.0,13.0,0.0,6.0,2.5,35.0,0.0,0.0,25.0,0.0,10.0,10.0,2.5,0.0,18.0,5.5,145.0,10.5,70.0,0.0,10.0,8.5,3.5
zotepine,168.0,265.3,52.6,3.0,25.6,84.5,334.5,19.1,0.0,95.7,361.5,54.0,67.5,210.1,200.0,38.0,105.0,160.8,113.4,48.6,109.5,144.2,107.8,31.5,76.9,243.0,30.0,96.8,69.2,90.0,615.0,121.0,14.0,481.8,71.5,341.9,115.3,39.8,89.0,99.0,45.0,136.0,85.6,82.5,138.0,67.0,367.4,242.0,212.0,66.0,99.0,124.4,128.5
