Drug,Liver,Blood,Spinal Column,Nerve,Muscle,Alimentary Canal,Skin,Pancreas,Reproductive System,Mouth,Vascular System,Heart,Brain,Endocrine Gland,Urinary System,Adipose Tissue,Lung,Spleen
&Delta;9-tetrahydrocannabinol,0.0,0.7544133179097722,0.25147110596992406,1.3830910828345824,0.25147110596992406,6.915455414172912,4.023537695518785,0.12573555298496203,10.813257556706734,0.3772066589548861,4.777951013428557,0.08801488708947341,25.775788361917215,6.915455414172912,0.6286777649248102,7.292662073127798,0.8801488708947343,0.3772066589548861
(-)-adrenaline,0.041283321538098605,0.0,0.05897617362585515,2.4416135881104033,0.04718093890068412,2.9228591648973814,2.137296532200991,1.533380514272234,30.19815994338287,0.6959188487850908,2.9723991507430996,0.1592356687898089,4.4727530077848545,2.8898325076669025,1.4390186364708657,8.987968860580326,0.8846426043878273,1.167728237791932
(-)-noradrenaline,0.16166162282403457,0.0,0.12932929825922765,0.711311140425752,0.2909909210832622,1.3902899562866973,0.7727425570988852,0.12286283334626627,19.78738263366183,0.16166162282403457,13.191588422441221,0.42032021934248986,3.8669460179509065,1.8073769431727065,1.131631359768242,1.875274824758801,0.2586585965184553,1.7782778510643802
(-)-sulpiride,0.0,0.0,0.16203703703703703,0.9259259259259259,0.0,0.11574074074074074,0.3472222222222222,0.0,1.5740740740740742,1.8518518518518519,0.16203703703703703,0.0,32.5,19.39814814814815,0.0,0.0,0.0,0.0
(R)-cetirizine,0.0,0.0,0.4191114836546522,6.705783738474435,0.2514668901927913,10.477787091366304,12.154233025984912,0.0,22.212908633696564,1.2573344509639564,18.440905280804696,0.5029337803855826,11.525565800502934,3.0595138306789607,2.5146689019279127,5.86756077116513,2.5146689019279127,0.4191114836546522
FSH,0.0,0.0,0.0,0.0,0.0,0.0,0.0,0.0,0.0,0.0,0.0,0.0,0.0,99.98243611135506,0.017563888644945992,0.0,0.0,0.0
N-methyl scopolamine,0.0,0.0,0.0,0.0,0.0,8.669354838709678,2.2429435483870965,1.2600806451612903,1.6633064516129032,3.780241935483871,0.37802419354838707,0.0,70.81653225806451,6.653225806451613,0.655241935483871,0.0,0.7308467741935484,0.12600806451612903
PGE1,0.0,0.0,0.2086775063037997,0.34779584383966616,0.0,3.234501347708895,0.27823667507173294,0.0,2.4693504912616295,0.2086775063037997,0.5912529345274324,0.0,1.5650812972784975,2.3650117381097298,4.4865663855316935,0.5564733501434659,1.0433875315189984,4.173550126075994
PGE2,0.020153773290204256,0.5804286707578826,0.016123018632163404,0.12092263974122554,0.0,0.8464584781885788,1.2092263974122555,0.012092263974122554,2.4587603414049193,0.08061509316081703,0.1410764130314298,0.018138395961183832,0.0,0.4232292390942894,0.16123018632163405,0.40307546580408515,0.24184527948245108,0.5239981055453107
PGI2,0.0,0.0,0.3822264691829909,0.637044115304985,0.0,5.9245102723363585,0.509635292243988,0.0,4.523013218665393,0.3822264691829909,1.0829749960184742,0.0,2.866698518872432,4.331899984073897,8.217869087434305,1.019270584487976,1.9111323459149547,7.644529383659819
abaloparatide,2.832618025751073,0.0,1.0300429184549356,1.2875536480686696,0.34334763948497854,5.236051502145923,2.2317596566523603,0.34334763948497854,20.429184549356222,0.2575107296137339,6.094420600858369,1.888412017167382,14.935622317596566,6.094420600858369,21.373390557939913,5.665236051502146,2.9184549356223175,5.064377682403434
abarelix,0.40080160320641284,1.6032064128256514,0.8016032064128257,10.02004008016032,0.40080160320641284,10.821643286573146,7.414829659318637,0.6012024048096193,21.8436873747495,1.8036072144288577,9.01803607214429,1.402805611222445,13.627254509018035,7.414829659318637,2.6052104208416833,3.406813627254509,2.004008016032064,2.6052104208416833
acebutolol,0.0,0.3888888888888889,0.5555555555555556,0.0,0.0,8.222222222222221,0.7777777777777778,0.3888888888888889,1.6666666666666667,0.0,1.1111111111111112,16.666666666666668,42.16666666666667,3.888888888888889,0.8333333333333334,5.0,13.88888888888889,1.6666666666666667
aclidinium,0.0,0.0,0.0,0.0,0.0,7.165048000223908,0.42542472501329454,1.1195387500349856,1.3658372750426824,0.8956310000279885,0.33586162501049566,0.0,5.933555375185423,0.7612863500237902,0.5821601500181924,0.0,0.2015169750062974,0.11195387500349856
adenosine,1.015187200519776,0.58880857630147,0.20303744010395516,3.451636481767238,0.16242995208316413,5.278973442702835,1.4212620807276863,0.18273369609355966,11.979208966133356,0.20303744010395516,39.99837570047917,0.8121497604158207,2.314626817185089,5.48201088280679,2.030374401039552,2.4364492812474623,1.8273369609355965,2.8425241614553727
adomeglivant,65.15775034293553,0.4115226337448559,0.0,8.916323731138545,0.0,1.6460905349794237,2.05761316872428,0.5486968449931412,3.0864197530864197,0.0,0.0,0.0,0.0,0.34293552812071326,17.83264746227709,0.0,0.0,0.0
agomelatine,0.0,0.0,0.0,0.0,0.0,0.0,0.0,0.0,0.4289246606449008,0.0,0.0,0.0,0.5046172478175304,0.0,0.0,0.0,0.0,0.0
alfuzosin,6.419073819348923,0.0,0.25217790004585056,3.2095369096744615,0.0,4.080696928014672,3.3012379642365888,0.0,19.348922512608894,0.2751031636863824,20.311783585511233,1.1462631820265934,18.225584594222838,4.4245758826226504,1.9486474094452086,5.272810637322329,4.355800091701055,6.648326455754241
alprenolol,1.3302294645826405,1.6295310941137349,0.6651147322913202,2.327901563019621,1.3302294645826405,8.646491519787164,18.92251413368806,0.16627868307283006,20.086464915197876,1.995344196873961,3.6581310276022614,2.327901563019621,3.990688393747922,3.392085134685733,1.5962753574991686,16.29531094113735,6.318589956767543,3.6581310276022614
alvimopan,0.0,0.0,0.0,0.0,0.0,0.0,0.0,0.0,5.181347150259067,0.0,0.0,0.0,7.772020725388601,0.0,0.0,0.0,0.0,0.0
ambrisentan,0.045004500450045004,0.0,0.09000900090009001,0.9900990099009901,0.09000900090009001,1.4851485148514851,1.125112511251125,0.0405040504050405,18.856885688568855,0.49504950495049505,4.77047704770477,1.3501350135013501,0.9315931593159316,2.8802880288028803,0.9900990099009901,1.5751575157515751,1.4401440144014401,0.40504050405040504
amisulpride,0.0,0.0,0.2899751449875725,1.6570008285004143,0.0,0.2071251035625518,0.6213753106876554,0.0,2.4026512013256007,3.3140016570008286,0.2899751449875725,0.0,56.503728251864125,34.71416735708368,0.0,0.0,0.0,0.0
amitriptyline,0.0,0.0407391715282078,0.3910960466707949,2.1640647915783986,0.07821920933415898,12.070201740377406,5.429716781279535,0.6518267444513248,9.122315288596289,2.3465762800247694,5.931623374507056,1.8674836228530456,46.330215428739045,4.637747286771177,1.7729687449076035,1.8251148844637095,1.2417299481797737,1.1569924714011015
apomorphine,0.03068538884524745,0.01841123330714847,0.11353593872741556,0.30685388845247447,0.03068538884524745,0.5983650824823252,0.3160595051060487,0.0613707776904949,1.6815593087195602,0.30685388845247447,0.29764827179890024,0.03682246661429694,5.627700314218382,3.24651413982718,0.1841123330714847,0.15342694422623723,0.0613707776904949,0.0613707776904949
apraclonidine,0.032046880007325,0.0,0.1373437714599643,1.7396877718262143,0.17396877718262144,2.7468754291992856,2.4218285034107034,1.3276564574463214,46.05594469624136,0.5951563429931785,19.228128004395,0.3982969372338964,7.334157395962093,3.799844343725679,2.0143753147461427,8.469532573364464,0.6409376001465,2.4721878862793574
aprepitant,0.0,0.0,0.0,5.709624796084828,0.0,6.280587275693311,6.525285481239804,0.0,41.59869494290375,1.631321370309951,6.525285481239804,0.0,10.848287112561174,2.365415986949429,3.0179445350734087,13.050570962479608,0.8156606851549755,0.0
arformoterol,0.8321198252548367,1.0193467859371752,0.41605991262741837,1.4562096941959644,0.8321198252548367,5.408778864156439,11.836904514250053,0.10401497815685459,12.565009361348036,1.248179737882255,2.288329519450801,1.4562096941959644,2.49635947576451,2.1219055543998335,0.9985437903058041,10.193467859371749,3.9525691699604746,2.288329519450801
aripiprazole,0.0,0.0,0.06959080606036507,0.39766174891637174,0.0,0.04970771861454647,0.14912315584363942,0.0,0.5766095359287391,0.7953234978327435,0.06959080606036507,0.0,13.560265638048277,8.33101363979799,0.0,0.0,0.0,0.0
asenapine,0.0,0.0,0.20116276499325775,0.44211596701814887,0.0,0.3205340760881579,0.16579348763180582,0.0,1.790569666423503,0.8842319340362977,2.7300660963370693,0.0,22.680549108031038,9.262329509030218,0.0,0.10610783208435573,0.0,0.0
atenolol,0.0,0.14562096941959643,0.20802995631370919,0.0,0.0,3.078843353442896,0.29124193883919286,0.14562096941959643,0.6240898689411275,0.0,0.41605991262741837,6.240898689411275,15.78947368421053,1.4562096941959644,0.31204493447056375,1.8722696068233826,5.20074890784273,0.6240898689411275
atropine,0.0,0.0,0.0,0.0,0.0,11.629071486480044,1.6977442891888024,0.9537889265105631,1.425914445133292,2.8613667795316897,0.28613667795316894,2.503695932090228,53.93676379417235,5.036005531975774,1.449759168296056,0.0,0.6724211931899471,0.09537889265105631
azelastine,0.0,0.0,0.4191114836546522,6.705783738474435,0.2514668901927913,10.477787091366304,12.154233025984912,0.0,22.212908633696564,1.2573344509639564,18.440905280804696,0.5029337803855826,11.525565800502934,3.0595138306789607,2.5146689019279127,5.86756077116513,2.5146689019279127,0.4191114836546522
baclofen,0.111358574610245,0.5567928730512249,0.8351893095768375,2.5334075723830733,0.13919821826280623,7.043429844097996,2.6169265033407574,0.2505567928730512,19.682628062360802,0.9187082405345212,5.512249443207127,1.0022271714922049,42.98440979955456,6.23608017817372,1.9766146993318485,2.115812917594655,1.3363028953229399,2.143652561247216
benperidol,0.234192037470726,0.1405152224824356,0.8665105386416861,2.34192037470726,0.234192037470726,4.566744730679157,2.4121779859484778,0.468384074941452,12.59953161592506,2.34192037470726,2.271662763466042,0.2810304449648712,42.014051522248245,24.77751756440281,1.405152224824356,1.17096018735363,0.468384074941452,0.468384074941452
benzquinamide,0.0,0.0,0.2899751449875725,1.6570008285004143,0.0,0.2071251035625518,0.6213753106876554,0.0,2.4026512013256007,3.3140016570008286,0.2899751449875725,0.0,56.503728251864125,34.71416735708368,0.0,0.0,0.0,0.0
betaxolol,0.0,0.14562096941959643,0.20802995631370919,0.0,0.0,3.078843353442896,0.29124193883919286,0.14562096941959643,0.6240898689411275,0.0,0.41605991262741837,6.240898689411275,15.78947368421053,1.4562096941959644,0.31204493447056375,1.8722696068233826,5.20074890784273,0.6240898689411275
bethanechol,0.0,0.0,0.0,0.0,0.0,11.384069592263208,0.36934441366574333,0.9719589833309035,1.3558827817466104,0.7775671866647228,0.29158769499927106,2.5513923312436217,5.491568255819605,0.6609321086650144,1.4773776546629733,0.0,0.29644748991592557,0.09719589833309035
bimatoprost,0.3065395095367847,0.0,0.0,18.732970027247955,0.3405994550408719,6.8119891008174385,22.479564032697546,0.3065395095367847,23.126702997275206,2.3841961852861036,8.174386920980925,0.3405994550408719,1.1580381471389645,2.7247956403269753,2.7247956403269753,8.174386920980925,1.0217983651226157,0.17029972752043596
biperiden,0.0,0.0,0.0,0.0,0.0,0.4578186847250703,1.3353044971147885,0.0,0.09537889265105631,2.0983356383232388,0.0,0.0,48.547856359387666,4.38742906194859,0.0,0.0,0.38151557060422525,0.0
blonanserin,0.0,0.0,0.5213704594935258,1.1458691417440128,0.0,0.8307551277644093,0.4297009281540048,0.0,4.640770024063252,2.2917382834880256,7.075741950269279,0.0,58.78308697146785,24.005958519537067,0.0,0.2750085940185631,0.0,0.0
bosentan,0.8951822916666666,0.06510416666666666,1.7903645833333333,2.1158854166666665,0.5696614583333333,5.289713541666666,3.173828125,0.48828124999999994,18.06640625,0.8138020833333333,3.173828125,2.9296875,27.180989583333332,9.033203125,3.3365885416666665,12.20703125,6.184895833333333,1.3020833333333333
brimonidine,0.240445456846368,0.0,0.21091706740909474,2.0669872606091286,0.4133974521218257,3.4590399055091536,2.442419640597317,1.2570657217582046,43.912933434573524,0.6749346157091032,18.391968278073062,0.6622795916645575,7.204927022694677,3.9188391124609803,2.235720914536404,8.605416350291065,0.6327512022272842,2.9528389437273264
bromocriptine,0.029419725337444247,0.017651835202466548,0.10885298374854371,0.29419725337444247,0.029419725337444247,0.5736846440801628,0.30302317097567577,0.058839450674888494,1.6122009484919448,0.29419725337444247,0.2853713357732092,0.035303670404933096,5.395577626887275,3.1126069407016015,0.17651835202466548,0.14709862668722123,0.058839450674888494,0.058839450674888494
bupranolol,0.7385524372230428,1.03397341211226,0.5539143279172821,1.292466765140325,0.7385524372230428,8.973412112259968,10.764401772525849,0.22156573116691283,18.999261447562777,1.1078286558345642,2.400295420974889,6.831610044313146,16.229689807976367,3.2865583456425407,2.2710487444608565,10.709010339734121,8.12407680945347,2.58493353028065
buprenorphine,0.0,0.0,0.0,0.0,0.0,0.0,0.0,0.0,12.033195020746888,0.0,0.0,0.0,87.96680497925311,0.0,0.0,0.0,0.0,0.0
buserelin,0.40080160320641284,1.6032064128256514,0.8016032064128257,10.02004008016032,0.40080160320641284,10.821643286573146,7.414829659318637,0.6012024048096193,21.8436873747495,1.8036072144288577,9.01803607214429,1.402805611222445,13.627254509018035,7.414829659318637,2.6052104208416833,3.406813627254509,2.004008016032064,2.6052104208416833
buspirone,0.0,0.0,0.0,0.0,0.0,0.0,0.0,0.0,0.0,0.0,0.0,0.0,100.0,0.0,0.0,0.0,0.0,0.0
butorphanol,0.0,0.0,0.0,0.0,0.0,0.0,0.0,0.0,12.033195020746888,0.0,0.0,0.0,87.96680497925311,0.0,0.0,0.0,0.0,0.0
cabergoline,0.0,0.0,0.020002971870106415,0.11430269640060808,0.0,0.01428783705007601,0.04286351115022803,0.0,0.1657389097808817,0.22860539280121617,0.020002971870106415,0.0,3.8977219472607354,2.3946414895927393,0.0,0.0,0.0,0.0
caffeine,1.0964021765613579,0.9380329732802729,0.3654673921871193,3.614066433850402,0.2111589377081134,7.869731178429302,3.9389263380167305,0.2639486721351417,14.293835783318444,0.3654673921871193,40.23389913099976,0.9583367172906684,7.276861853325753,6.29416064322261,2.314626817185089,2.598879233330626,2.1928043531227157,3.0618045967676446
calcitonin,0.0,0.0,0.0,0.0,0.0,0.0,0.0,0.0,0.03317238583170543,0.0,0.0,0.0,0.1105746194390181,0.0,0.03317238583170543,0.0,0.0,0.0
calcitonin (salmon),0.0,0.0,0.0,0.0,0.0,0.0,0.0,0.0,18.75,0.0,0.0,0.0,62.5,0.0,18.75,0.0,0.0,0.0
candesartan,6.345429307951616,0.0,0.0,2.97441998810232,1.1897679952409281,9.9147332936744,6.742018639698593,0.396589331746976,17.05334126511997,0.99147332936744,6.742018639698593,1.7846519928613922,0.25778306563553444,12.690858615903233,3.172714653975808,23.597065238945074,2.97441998810232,1.1897679952409281
carbachol,0.0,0.0,0.0,0.0,0.0,6.104249129667604,0.362439792074014,0.9537889265105631,1.1636224903428871,0.7630311412084505,0.28613667795316894,0.0,5.055081310505985,0.648576470027183,0.49597024178549287,0.0,0.17168200677190137,0.09537889265105631
carvedilol,0.7385524372230428,1.03397341211226,0.5539143279172821,1.292466765140325,0.7385524372230428,8.973412112259968,10.764401772525849,0.22156573116691283,18.999261447562777,1.1078286558345642,2.400295420974889,6.831610044313146,16.229689807976367,3.2865583456425407,2.2710487444608565,10.709010339734121,8.12407680945347,2.58493353028065
cetirizine,0.0,0.0,0.4191114836546522,6.705783738474435,0.2514668901927913,10.477787091366304,12.154233025984912,0.0,22.212908633696564,1.2573344509639564,18.440905280804696,0.5029337803855826,11.525565800502934,3.0595138306789607,2.5146689019279127,5.86756077116513,2.5146689019279127,0.4191114836546522
cetrorelix,0.40080160320641284,1.6032064128256514,0.8016032064128257,10.02004008016032,0.40080160320641284,10.821643286573146,7.414829659318637,0.6012024048096193,21.8436873747495,1.8036072144288577,9.01803607214429,1.402805611222445,13.627254509018035,7.414829659318637,2.6052104208416833,3.406813627254509,2.004008016032064,2.6052104208416833
chlorpheniramine,0.0,0.0,0.4191114836546522,6.705783738474435,0.2514668901927913,10.477787091366304,12.154233025984912,0.0,22.212908633696564,1.2573344509639564,18.440905280804696,0.5029337803855826,11.525565800502934,3.0595138306789607,2.5146689019279127,5.86756077116513,2.5146689019279127,0.4191114836546522
chlorpromazine,0.0,0.0,0.03189429319968106,0.0,0.0,0.06834491399931655,0.0,0.0,0.2961612939970384,0.0,0.6834491399931655,0.0,1.9592208679804077,0.0,0.0,0.02733796559972662,0.0,0.0
cimetidine,0.0,34.78904515173945,0.5181347150259068,1.4803849000740192,0.0,7.253886010362695,1.1102886750555145,0.0,9.770540340488527,0.5181347150259068,8.142116950407106,5.181347150259068,12.953367875647668,3.034789045151739,1.2583271650629164,5.181347150259068,3.7009622501850483,4.441154700222058
cinacalcet,0.0,4.929577464788733,0.0,0.0,0.0,0.0,0.0,49.29577464788733,3.5211267605633805,0.0,0.0,0.0,0.0,0.0,42.25352112676057,0.0,0.0,0.0
clemastine,0.0,0.0,0.4191114836546522,6.705783738474435,0.2514668901927913,10.477787091366304,12.154233025984912,0.0,22.212908633696564,1.2573344509639564,18.440905280804696,0.5029337803855826,11.525565800502934,3.0595138306789607,2.5146689019279127,5.86756077116513,2.5146689019279127,0.4191114836546522
clidinium,0.0,0.0,0.0,0.0,0.0,33.19502074688796,1.970954356846473,5.186721991701244,6.327800829875518,4.149377593360995,1.5560165975103732,0.0,27.489626556016596,3.5269709543568464,2.697095435684647,0.0,0.933609958506224,0.5186721991701244
clonidine,0.240445456846368,0.0,0.12655024044545685,1.60296971230912,0.28684721167636884,2.573188222390956,1.645153125790939,1.1305154813127478,19.573103855563993,0.5905677887454653,1.8560701932000339,0.40917911077364383,2.606934953176411,1.9784020922973087,1.1389521640091116,6.960263224500126,0.3374673078545516,1.3076858179363875
clozapine,0.0,0.0,0.07976718500727546,0.17531249452148454,0.0,0.12710155852807628,0.0657421854455567,0.0,0.7100156028120124,0.35062498904296907,1.082554653670167,0.0,8.993530968952157,3.672796760225101,0.0,0.04207499868515629,0.0,0.0
codeine,0.0,0.0,0.0,0.0,0.0,0.0,0.0,0.0,40.0,0.0,0.0,0.0,60.0,0.0,0.0,0.0,0.0,0.0
conivaptan,3.0097817908201656,0.0,0.0,2.0316027088036117,0.45146726862302483,4.36418359668924,2.558314522197141,0.3235515425131678,25.726109857035365,0.7524454477050414,18.585402558314524,0.8577878103837472,0.6772009029345373,18.811136192626034,2.2573363431151243,17.607223476297968,0.4213694507148232,0.28592927012791575
corticotropin zinc hydroxide,0.0,0.0,0.0,0.0,0.0,0.0,0.0,0.0,1.3157894736842104,0.0,0.0,0.0,0.0,98.68421052631578,0.0,0.0,0.0,0.0
cosyntropin,0.0,0.0,0.0,0.0,0.0,0.0,0.0,0.0,1.3157894736842104,0.0,0.0,0.0,0.0,98.68421052631578,0.0,0.0,0.0,0.0
cyclizine,0.0,0.0,0.4191114836546522,6.705783738474435,0.2514668901927913,10.477787091366304,12.154233025984912,0.0,22.212908633696564,1.2573344509639564,18.440905280804696,0.5029337803855826,11.525565800502934,3.0595138306789607,2.5146689019279127,5.86756077116513,2.5146689019279127,0.4191114836546522
cyproheptadine,0.0,0.0,0.14485405953501845,2.3176649525602953,0.08691243572101108,3.6213514883754616,4.200767726515536,0.0,7.677265155355979,0.4345621786050554,6.373578619540813,0.17382487144202216,3.9834866372130078,1.0574346346056347,0.8691243572101108,2.0279568334902587,0.8691243572101108,0.14485405953501845
dapiprazole,0.0,0.0,0.0,7.305194805194805,0.0,5.357142857142857,1.1363636363636362,0.0,42.12662337662338,0.40584415584415584,11.363636363636363,0.0,12.5,6.087662337662337,3.2467532467532467,3.2467532467532467,4.058441558441558,2.435064935064935
darifenacin,0.0,0.0,0.0,0.0,0.0,6.104249129667604,0.362439792074014,0.9537889265105631,1.1636224903428871,0.7630311412084505,0.28613667795316894,0.0,5.055081310505985,0.648576470027183,0.49597024178549287,0.0,0.17168200677190137,0.09537889265105631
degarelix,0.40080160320641284,1.6032064128256514,0.8016032064128257,10.02004008016032,0.40080160320641284,10.821643286573146,7.414829659318637,0.6012024048096193,21.8436873747495,1.8036072144288577,9.01803607214429,1.402805611222445,13.627254509018035,7.414829659318637,2.6052104208416833,3.406813627254509,2.004008016032064,2.6052104208416833
desloratadine,0.0,0.0,0.4191114836546522,6.705783738474435,0.2514668901927913,10.477787091366304,12.154233025984912,0.0,22.212908633696564,1.2573344509639564,18.440905280804696,0.5029337803855826,11.525565800502934,3.0595138306789607,2.5146689019279127,5.86756077116513,2.5146689019279127,0.4191114836546522
desmopressin,3.0097817908201656,0.0,0.0,2.0316027088036117,0.45146726862302483,4.36418359668924,2.558314522197141,0.3235515425131678,25.726109857035365,0.7524454477050414,18.585402558314524,0.8577878103837472,0.6772009029345373,18.811136192626034,2.2573363431151243,17.607223476297968,0.4213694507148232,0.28592927012791575
dexetimide,0.0,0.0,0.0,0.0,0.0,53.324968632371395,0.0,0.0,1.7565872020075282,0.0,0.0,26.348808030112924,3.5131744040150563,0.0,10.037641154328734,0.0,1.2547051442910917,0.0
dexmedetomidine,0.240445456846368,0.0,0.21091706740909474,2.0669872606091286,0.4133974521218257,3.4590399055091536,2.442419640597317,1.2570657217582046,43.912933434573524,0.6749346157091032,18.391968278073062,0.6622795916645575,7.204927022694677,3.9188391124609803,2.235720914536404,8.605416350291065,0.6327512022272842,2.9528389437273264
diazepam,26.865671641791046,0.0,0.8955223880597015,0.0,0.0,6.268656716417911,1.6417910447761197,0.0,9.104477611940299,1.044776119402985,3.8805970149253732,2.985074626865672,18.805970149253728,4.477611940298507,0.8955223880597015,8.955223880597014,7.462686567164179,5.970149253731344
dicyclomine,0.0,0.0,0.0,0.0,0.0,7.702426600240701,1.9927789750622742,1.1195387500349856,1.477791150046181,3.358616250104957,0.33586162501049566,0.0,62.91807775196619,5.911164600184724,0.5821601500181924,0.0,0.6493324750202917,0.11195387500349856
dihydroergotamine,0.0,0.0,0.0,0.26513946335772615,0.0,2.6513946335772616,0.0,0.0,0.31816735602927143,0.0,0.0,0.0,10.12832750026514,0.0,0.0,0.0,0.0,0.0
diphenhydramine,0.0,0.0,0.4191114836546522,6.705783738474435,0.2514668901927913,10.477787091366304,12.154233025984912,0.0,22.212908633696564,1.2573344509639564,18.440905280804696,0.5029337803855826,11.525565800502934,3.0595138306789607,2.5146689019279127,5.86756077116513,2.5146689019279127,0.4191114836546522
dobutamine,0.8321198252548367,1.1649677553567714,0.6240898689411275,1.4562096941959644,0.8321198252548367,8.487622217599334,12.128146453089245,0.24963594757645102,13.189099230289164,1.248179737882255,2.7043894320782194,7.697108383607239,18.285833159975038,3.5781152485957977,1.310588724776368,12.065737466195133,9.153318077803204,2.9124193883919287
domperidone,0.0,0.0,0.2840909090909091,1.6233766233766234,0.0,0.20292207792207792,0.6087662337662337,0.0,2.75974025974026,3.2467532467532467,0.2840909090909091,0.0,56.98051948051948,34.00974025974026,0.0,0.0,0.0,0.0
dopamine,0.20616856341745013,0.12370113805047007,0.7628236846445654,2.1194128319313874,0.20616856341745013,4.185221837374238,2.1235362031997362,0.41233712683490026,11.677387431964375,2.061685634174501,2.082302490516246,0.24740227610094015,47.75688603001814,21.936335147616692,1.2782450931881908,1.0885700148441366,0.4948045522018803,0.41233712683490026
doxazosin,6.419073819348923,0.0,0.25217790004585056,3.2095369096744615,0.0,4.080696928014672,3.3012379642365888,0.0,19.348922512608894,0.2751031636863824,20.311783585511233,1.1462631820265934,18.225584594222838,4.4245758826226504,1.9486474094452086,5.272810637322329,4.355800091701055,6.648326455754241
eletriptan,0.0,0.0,0.27609055770292656,1.1595803423522915,0.0,4.969630038652678,7.730535615681943,0.0,6.239646604086141,0.0,32.02650469353948,0.0,18.60850358917725,1.5461071231363888,1.1043622308117063,1.4908890115958033,0.8282716731087797,0.0
ephedrine,1.3302294645826405,1.6295310941137349,0.6651147322913202,2.327901563019621,1.3302294645826405,8.646491519787164,18.92251413368806,0.16627868307283006,20.086464915197876,1.995344196873961,3.6581310276022614,2.327901563019621,3.990688393747922,3.392085134685733,1.5962753574991686,16.29531094113735,6.318589956767543,3.6581310276022614
epinastine,0.0,0.0,0.4191114836546522,6.705783738474435,0.2514668901927913,10.477787091366304,12.154233025984912,0.0,22.212908633696564,1.2573344509639564,18.440905280804696,0.5029337803855826,11.525565800502934,3.0595138306789607,2.5146689019279127,5.86756077116513,2.5146689019279127,0.4191114836546522
eprosartan,6.345429307951616,0.0,0.0,2.97441998810232,1.1897679952409281,9.9147332936744,6.742018639698593,0.396589331746976,17.05334126511997,0.99147332936744,6.742018639698593,1.7846519928613922,0.25778306563553444,12.690858615903233,3.172714653975808,23.597065238945074,2.97441998810232,1.1897679952409281
ergotamine,0.0,0.0,0.0,0.08643938870064312,0.0,0.8643938870064312,0.0,0.0,0.10372726644077174,0.0,0.0,0.0,3.301984648364567,0.0,0.0,0.0,0.0,0.0
esmolol,0.0,0.3888888888888889,0.5555555555555556,0.0,0.0,8.222222222222221,0.7777777777777778,0.3888888888888889,1.6666666666666667,0.0,1.1111111111111112,16.666666666666668,42.16666666666667,3.888888888888889,0.8333333333333334,5.0,13.88888888888889,1.6666666666666667
etelcalcetide,0.0,4.929577464788733,0.0,0.0,0.0,0.0,0.0,49.29577464788733,3.5211267605633805,0.0,0.0,0.0,0.0,0.0,42.25352112676057,0.0,0.0,0.0
exendin-4,0.0,0.0,0.0,8.130081300813007,0.0,4.0650406504065035,0.0,48.78048780487805,8.130081300813007,0.0,0.0,21.95121951219512,8.94308943089431,0.0,0.0,0.0,0.0,0.0
famotidine,0.0,34.78904515173945,0.5181347150259068,1.4803849000740192,0.0,7.253886010362695,1.1102886750555145,0.0,9.770540340488527,0.5181347150259068,8.142116950407106,5.181347150259068,12.953367875647668,3.034789045151739,1.2583271650629164,5.181347150259068,3.7009622501850483,4.441154700222058
fenoldopam,0.0,0.0,0.0,0.12050266827336892,0.0,0.0,0.0,0.0,0.6197280082630402,0.0,0.1721466689619556,0.0,18.660698915475987,0.1721466689619556,0.0860733344809778,0.12050266827336892,0.1721466689619556,0.0
fenoterol,1.3302294645826405,1.6295310941137349,0.6651147322913202,2.327901563019621,1.3302294645826405,8.646491519787164,18.92251413368806,0.16627868307283006,20.086464915197876,1.995344196873961,3.6581310276022614,2.327901563019621,3.990688393747922,3.392085134685733,1.5962753574991686,16.29531094113735,6.318589956767543,3.6581310276022614
fentanyl,0.0,0.0,0.0,0.0,0.0,0.0,0.0,0.0,5.181347150259067,0.0,0.0,0.0,7.772020725388601,0.0,0.0,0.0,0.0,0.0
fexofenadine,0.0,0.0,0.4191114836546522,6.705783738474435,0.2514668901927913,10.477787091366304,12.154233025984912,0.0,22.212908633696564,1.2573344509639564,18.440905280804696,0.5029337803855826,11.525565800502934,3.0595138306789607,2.5146689019279127,5.86756077116513,2.5146689019279127,0.4191114836546522
fingolimod,0.3324536449943449,2.9475271618055316,2.707612160263221,2.9818007334544334,0.8225657195736368,6.409157898344587,4.798300030846215,0.3290262878294547,15.721287315351132,1.028207149467046,5.267847962436165,2.9132535901566303,22.4149158583816,5.206155533468142,1.8679096548651335,13.010247797923022,6.100695753504473,3.6329985947835626
flibanserin,0.0,0.0,0.9469056476158269,0.0,0.0,2.029083530605343,0.0,0.0,8.792695299289822,0.0,20.290835306053435,0.0,67.12884680419344,0.0,0.0,0.8116334122421374,0.0,0.0
flupentixol,0.0,0.0,0.23376970344643333,1.4293347582153353,0.0,0.16697835960459523,0.5009350788137857,0.0,2.4178466470745392,2.6716537536735236,0.36735239113010953,0.0,60.03205984504408,28.11915575741384,0.0667913438418381,0.09350788137857334,0.1335826876836762,0.0
fluphenazine,0.0,0.0,0.08655225283149512,0.49458430189425784,0.0,0.06182303773678223,0.1854691132103467,0.0,0.7171472377466739,0.9891686037885157,0.08655225283149512,0.0,16.865324694594193,10.361541124684702,0.0,0.0,0.0,0.0
formoterol,1.3302294645826405,1.6295310941137349,0.6651147322913202,2.327901563019621,1.3302294645826405,8.646491519787164,18.92251413368806,0.16627868307283006,20.086464915197876,1.995344196873961,3.6581310276022614,2.327901563019621,3.990688393747922,3.392085134685733,1.5962753574991686,16.29531094113735,6.318589956767543,3.6581310276022614
frovatriptan,0.0,0.0,0.3472222222222222,0.9722222222222222,0.0,6.25,9.722222222222221,0.0,5.694444444444445,0.0,40.27777777777778,0.0,23.40277777777778,1.1111111111111112,1.3888888888888888,0.6944444444444444,0.6944444444444444,0.0
gallamine,0.0,0.0,0.0,0.0,0.0,53.324968632371395,0.0,0.0,1.7565872020075282,0.0,0.0,26.348808030112924,3.5131744040150563,0.0,10.037641154328734,0.0,1.2547051442910917,0.0
glucagon,60.088551549652124,0.3795066413662239,0.0,8.222643896268185,0.0,1.5180265654648957,1.8975332068311197,0.5060088551549652,2.846299810246679,0.0,0.0,0.0,0.0,0.3162555344718533,16.44528779253637,0.0,0.0,0.0
glycopyrrolate,0.0,0.059611807906910196,0.38151557060422525,0.11445467118126758,0.0,12.89284181410654,2.4130859840717247,0.9537889265105631,3.2381134055033622,2.8613667795316897,0.28613667795316894,2.503695932090228,62.54709332824647,5.393676379417235,1.449759168296056,0.0,0.6724211931899471,1.502217559254137
goserelin,0.40080160320641284,1.6032064128256514,0.8016032064128257,10.02004008016032,0.40080160320641284,10.821643286573146,7.414829659318637,0.6012024048096193,21.8436873747495,1.8036072144288577,9.01803607214429,1.402805611222445,13.627254509018035,7.414829659318637,2.6052104208416833,3.406813627254509,2.004008016032064,2.6052104208416833
guanabenz,0.240445456846368,0.0,0.21091706740909474,2.0669872606091286,0.4133974521218257,3.4590399055091536,2.442419640597317,1.2570657217582046,43.912933434573524,0.6749346157091032,18.391968278073062,0.6622795916645575,7.204927022694677,3.9188391124609803,2.235720914536404,8.605416350291065,0.6327512022272842,2.9528389437273264
guanfacine,0.240445456846368,0.0,0.21091706740909474,2.0669872606091286,0.4133974521218257,3.4590399055091536,2.442419640597317,1.2570657217582046,43.912933434573524,0.6749346157091032,18.391968278073062,0.6622795916645575,7.204927022694677,3.9188391124609803,2.235720914536404,8.605416350291065,0.6327512022272842,2.9528389437273264
haloperidol,0.08458233244239943,0.05074939946543966,0.4076868423723653,0.8458233244239943,0.08458233244239943,1.8523530804885477,0.8711980241567142,0.16916466488479887,5.514768075244444,0.8458233244239943,2.850424603308861,0.10149879893087932,21.331664241973137,8.94881077240586,0.5074939946543966,0.5041107013567007,0.16916466488479887,0.16916466488479887
hydrocodone,0.0,0.0,0.0,0.0,0.0,0.0,0.0,0.0,8.298755186721992,0.0,0.0,0.0,12.448132780082988,0.0,0.0,0.0,0.0,0.0
hydromorphone,0.0,0.0,0.0,0.0,0.0,0.0,0.0,0.0,5.181347150259067,0.0,0.0,0.0,7.772020725388601,0.0,0.0,0.0,0.0,0.0
hydroxyzine,0.0,0.0,0.4191114836546522,6.705783738474435,0.2514668901927913,10.477787091366304,12.154233025984912,0.0,22.212908633696564,1.2573344509639564,18.440905280804696,0.5029337803855826,11.525565800502934,3.0595138306789607,2.5146689019279127,5.86756077116513,2.5146689019279127,0.4191114836546522
icatibant,0.0,0.0,0.0,4.022988505747127,0.0,16.379310344827587,4.022988505747127,0.8620689655172413,35.603448275862064,0.5747126436781609,1.7241379310344827,0.1724137931034483,2.0114942528735633,3.9367816091954024,4.885057471264368,6.0344827586206895,0.5747126436781609,0.0
iloprost,0.07731933853305885,0.38659669266529423,0.0,0.135308842432853,0.019329834633264712,0.48324586583161777,0.5798950389979414,0.05798950389979413,0.705538964114162,0.07731933853305885,3.421380730087854,0.3479370233987648,0.0,0.5798950389979414,0.19329834633264711,0.3672668580320295,0.7152038814307943,0.23195801559917653
indacaterol,0.8321198252548367,1.0193467859371752,0.41605991262741837,1.4562096941959644,0.8321198252548367,5.408778864156439,11.836904514250053,0.10401497815685459,12.565009361348036,1.248179737882255,2.288329519450801,1.4562096941959644,2.49635947576451,2.1219055543998335,0.9985437903058041,10.193467859371749,3.9525691699604746,2.288329519450801
ipratropium,0.0,0.0,0.0,0.0,0.0,6.104249129667604,0.362439792074014,0.9537889265105631,1.1636224903428871,0.7630311412084505,0.28613667795316894,0.0,5.055081310505985,0.648576470027183,0.49597024178549287,0.0,0.17168200677190137,0.09537889265105631
irbesartan,6.345429307951616,0.0,0.0,2.97441998810232,1.1897679952409281,9.9147332936744,6.742018639698593,0.396589331746976,17.05334126511997,0.99147332936744,6.742018639698593,1.7846519928613922,0.25778306563553444,12.690858615903233,3.172714653975808,23.597065238945074,2.97441998810232,1.1897679952409281
isoprenaline,0.7385524372230428,1.03397341211226,0.5539143279172821,1.292466765140325,0.7385524372230428,7.533234859675035,10.764401772525849,0.22156573116691283,11.70605612998523,1.1078286558345642,2.400295420974889,6.831610044313146,16.229689807976367,3.1757754800590843,1.1632200886262924,10.709010339734121,8.12407680945347,2.58493353028065
ketotifen,0.0,0.0,0.4191114836546522,6.705783738474435,0.2514668901927913,10.477787091366304,12.154233025984912,0.0,22.212908633696564,1.2573344509639564,18.440905280804696,0.5029337803855826,11.525565800502934,3.0595138306789607,2.5146689019279127,5.86756077116513,2.5146689019279127,0.4191114836546522
labetalol,0.4108885464817668,0.5752439650744735,0.3081664098613251,4.417051874678993,0.4108885464817668,6.902927580893682,6.563944530046224,0.12326656394453005,27.837699024139702,0.8217770929635336,7.0878274268104775,3.800719054956343,15.356959424756035,4.848484848484849,2.29070364663585,7.601438109912686,6.574216743708269,2.6707755521314844
lanreotide,0.23371311714869997,1.4607069821793748,0.5842827928717499,0.8764241893076249,0.20449897750511248,1.9281332164767748,0.43821209465381245,0.175284837861525,4.469763365468887,0.43821209465381245,2.5708442886356995,2.629272567922875,39.14694712240725,10.224948875255624,1.9573473561203623,2.3371311714869996,0.29214139643587494,3.5056967572304996
latanoprost (free acid form),0.3065395095367847,0.0,0.0,18.732970027247955,0.3405994550408719,6.8119891008174385,22.479564032697546,0.3065395095367847,23.126702997275206,2.3841961852861036,8.174386920980925,0.3405994550408719,1.1580381471389645,2.7247956403269753,2.7247956403269753,8.174386920980925,1.0217983651226157,0.17029972752043596
latanoprost (isopropyl ester),0.3065395095367847,0.0,0.0,18.732970027247955,0.3405994550408719,6.8119891008174385,22.479564032697546,0.3065395095367847,23.126702997275206,2.3841961852861036,8.174386920980925,0.3405994550408719,1.1580381471389645,2.7247956403269753,2.7247956403269753,8.174386920980925,1.0217983651226157,0.17029972752043596
leuprolide,0.40080160320641284,1.6032064128256514,0.8016032064128257,10.02004008016032,0.40080160320641284,10.821643286573146,7.414829659318637,0.6012024048096193,21.8436873747495,1.8036072144288577,9.01803607214429,1.402805611222445,13.627254509018035,7.414829659318637,2.6052104208416833,3.406813627254509,2.004008016032064,2.6052104208416833
levallorphan,0.0,0.0,0.0,0.0,0.0,0.0,0.0,0.0,40.0,0.0,0.0,0.0,60.0,0.0,0.0,0.0,0.0,0.0
levobunolol,0.7385524372230428,1.03397341211226,0.5539143279172821,1.292466765140325,0.7385524372230428,8.973412112259968,10.764401772525849,0.22156573116691283,18.999261447562777,1.1078286558345642,2.400295420974889,6.831610044313146,16.229689807976367,3.2865583456425407,2.2710487444608565,10.709010339734121,8.12407680945347,2.58493353028065
levorphanol,0.0,0.0,0.0,0.0,0.0,0.0,0.0,0.0,40.0,0.0,0.0,0.0,60.0,0.0,0.0,0.0,0.0,0.0
liraglutide,0.0,0.0,0.0,8.130081300813007,0.0,4.0650406504065035,0.0,48.78048780487805,8.130081300813007,0.0,0.0,21.95121951219512,8.94308943089431,0.0,0.0,0.0,0.0,0.0
lixisenatide,0.0,0.0,0.0,8.130081300813007,0.0,4.0650406504065035,0.0,48.78048780487805,8.130081300813007,0.0,0.0,21.95121951219512,8.94308943089431,0.0,0.0,0.0,0.0,0.0
loperamide,0.0,0.0,0.0,0.0,0.0,0.0,0.0,0.0,40.0,0.0,0.0,0.0,60.0,0.0,0.0,0.0,0.0,0.0
loratadine,0.0,0.0,0.4191114836546522,6.705783738474435,0.2514668901927913,10.477787091366304,12.154233025984912,0.0,22.212908633696564,1.2573344509639564,18.440905280804696,0.5029337803855826,11.525565800502934,3.0595138306789607,2.5146689019279127,5.86756077116513,2.5146689019279127,0.4191114836546522
lorazepam,0.34330554193231977,2.942618930848455,0.4904364884747425,0.980872976949485,0.2942618930848455,15.69396763119176,9.31829328102011,0.24521824423737126,14.565963707699854,2.452182442373713,2.942618930848455,0.9318293281020109,17.11623344776851,15.00735654732712,2.452182442373713,3.92349190779794,4.4139283962726825,3.433055419323198
lorcaserin,0.0,0.0,0.40749796251018744,0.0,0.0,0.0,0.0,0.0,0.0,0.0,0.0,0.0,32.966585167074165,0.0,0.0,0.0,0.0,0.0
losartan,6.345429307951616,0.0,0.0,2.97441998810232,1.1897679952409281,9.9147332936744,6.742018639698593,0.396589331746976,17.05334126511997,0.99147332936744,6.742018639698593,1.7846519928613922,0.25778306563553444,12.690858615903233,3.172714653975808,23.597065238945074,2.97441998810232,1.1897679952409281
loxapine,0.09440374594063893,0.05664224756438336,0.606072048938902,0.9440374594063893,0.09440374594063893,2.0674420360999926,0.972358583188581,0.18880749188127785,6.155124235329659,0.9440374594063893,3.181406238199532,0.11328449512876672,36.02824560078544,9.987916320519599,0.5664224756438336,0.562646325806208,0.18880749188127785,0.18880749188127785
lurasidone,0.0,0.0,0.0,0.018162170016073523,0.0,0.07083246306268673,0.11623788810287053,0.0,0.32328662628610866,0.009081085008036761,0.10352436909161906,0.0,0.09625950108518966,0.009081085008036761,0.036324340032147046,0.018162170016073523,0.010897302009644113,0.009081085008036761
macitentan,0.045004500450045004,0.0,0.09000900090009001,0.9900990099009901,0.09000900090009001,1.4851485148514851,1.125112511251125,0.0405040504050405,18.856885688568855,0.49504950495049505,4.77047704770477,1.3501350135013501,0.9315931593159316,2.8802880288028803,0.9900990099009901,1.5751575157515751,1.4401440144014401,0.40504050405040504
maraviroc,0.9868421052631579,4.934210526315789,3.289473684210526,1.644736842105263,0.0,17.598684210526315,0.0,0.8223684210526315,13.980263157894736,3.289473684210526,5.921052631578948,0.0,0.9868421052631579,7.730263157894737,4.440789473684211,4.934210526315789,9.868421052631579,18.092105263157894
melatonin,0.0,0.0,0.0,0.0,0.0,0.0,0.0,0.0,1.0785433320644588,0.0,0.0,0.0,1.268874508311128,0.0,0.0,0.0,0.0,0.0
methadone,0.0,0.0,0.0,0.0,0.0,0.0,0.0,0.0,40.0,0.0,0.0,0.0,60.0,0.0,0.0,0.0,0.0,0.0
methoxamine,4.126547455295736,0.0,0.1375515818431912,0.0,0.0,0.9628610729023384,0.25217790004585056,0.0,1.3984410820724438,0.16047684548372307,0.5960568546538285,0.45850527281063735,2.888583218707015,0.687757909215956,0.1375515818431912,1.375515818431912,1.1462631820265934,0.9170105456212747
methylnaltrexone,0.0,0.0,0.0,0.0,0.0,0.0,0.0,0.0,5.181347150259067,0.0,0.0,0.0,7.772020725388601,0.0,0.0,0.0,0.0,0.0
metoprolol,0.0,0.14562096941959643,0.20802995631370919,0.0,0.0,3.078843353442896,0.29124193883919286,0.14562096941959643,0.6240898689411275,0.0,0.41605991262741837,6.240898689411275,15.78947368421053,1.4562096941959644,0.31204493447056375,1.8722696068233826,5.20074890784273,0.6240898689411275
mianserin,0.07172057663343613,0.08606469196012337,0.24384996055368285,0.07172057663343613,0.0,2.094240837696335,0.2868823065337445,0.0,5.307322670874274,0.08606469196012337,3.2991465251380623,0.4303234598006168,17.772358889765474,3.3134906404647495,0.573764613067489,0.3729469984938679,0.10040880728681059,0.08606469196012337
mirabegron,0.0,0.0,0.0,0.0,0.0,1.4401772525849335,0.0,0.0,7.293205317577548,0.0,0.0,0.0,0.0,0.11078286558345642,1.1078286558345642,0.0,0.0,0.0
mirtazapine,0.21844771817944905,0.0,0.29586252356935905,1.8778838931215796,0.3755767786243159,3.2345591954992106,2.218968926770193,1.1420600003065933,40.29402296383732,0.6131865773458219,17.62911409869238,0.6016893290205877,14.143148406481382,3.5603145647141785,2.031180537458035,7.854920055799979,0.574862416261708,2.682691275887971
misoprostol (methyl ester),0.0,0.0,0.0,0.15972909944733732,0.0,5.271060281762131,3.194581988946746,0.31945819889467464,20.525189278982843,0.6389163977893493,8.944829569050889,0.07986454972366866,0.7028080375682841,0.8785100469603552,3.673769287288758,7.507267674024853,0.15972909944733732,0.0
mogamulizumab,0.0,13.0,0.0,2.0,0.0,9.333333333333334,5.333333333333333,0.0,23.666666666666668,2.3333333333333335,4.0,0.0,3.3333333333333335,6.666666666666667,2.0,5.0,10.0,13.333333333333334
molindone,0.0,0.0,0.2288329519450801,0.0,0.0,0.49035632559660025,0.0,0.0,2.124877410918601,0.0,4.903563255966002,0.0,14.056881333769207,0.0,0.0,0.1961425302386401,0.0,0.0
montelukast,0.7849293563579277,7.06436420722135,1.5698587127158554,2.3547880690737832,0.47095761381475665,16.483516483516482,3.924646781789639,0.706436420722135,14.1287284144427,2.3547880690737832,6.279434850863422,1.0989010989010988,9.811616954474097,7.06436420722135,2.3547880690737832,5.4945054945054945,2.3547880690737832,5.4945054945054945
morphine,0.0,0.0,0.0,0.0,0.0,0.0,0.0,0.0,5.181347150259067,0.0,0.0,0.0,7.772020725388601,0.0,0.0,0.0,0.0,0.0
nadolol,0.7385524372230428,1.03397341211226,0.5539143279172821,1.292466765140325,0.7385524372230428,7.533234859675035,10.764401772525849,0.22156573116691283,11.70605612998523,1.1078286558345642,2.400295420974889,6.831610044313146,16.229689807976367,3.1757754800590843,1.1632200886262924,10.709010339734121,8.12407680945347,2.58493353028065
nafarelin,0.40080160320641284,1.6032064128256514,0.8016032064128257,10.02004008016032,0.40080160320641284,10.821643286573146,7.414829659318637,0.6012024048096193,21.8436873747495,1.8036072144288577,9.01803607214429,1.402805611222445,13.627254509018035,7.414829659318637,2.6052104208416833,3.406813627254509,2.004008016032064,2.6052104208416833
nalbuphine,0.0,0.0,0.0,0.0,0.0,1.2953367875647668,0.0,0.0,7.512953367875648,0.0,0.0,0.0,91.19170984455958,0.0,0.0,0.0,0.0,0.0
nalmefene,0.0,0.0,0.0,0.0,0.0,0.0,0.0,0.0,7.512953367875648,0.0,0.0,0.0,54.92227979274612,0.0,0.0,0.0,0.0,0.0
nalorphine,0.0,0.0,0.0,0.0,0.0,0.0,0.0,0.0,5.181347150259067,0.0,0.0,0.0,7.772020725388601,0.0,0.0,0.0,0.0,0.0
naloxone,0.0,0.0,0.0,0.0,0.0,1.2953367875647668,0.0,0.0,2.33160621761658,0.0,0.0,0.0,83.41968911917098,0.0,0.0,0.0,0.0,0.0
naltrexone,0.0,0.0,0.0,0.0,0.0,1.2953367875647668,0.0,0.0,7.512953367875648,0.0,0.0,0.0,91.19170984455958,0.0,0.0,0.0,0.0,0.0
naratriptan,0.0,0.0,0.27609055770292656,0.7730535615681944,0.0,4.969630038652678,7.730535615681943,0.0,4.527885146327995,0.0,32.02650469353948,0.0,18.60850358917725,0.883489784649365,1.1043622308117063,0.5521811154058531,0.5521811154058531,0.0
nefazodone,0.0,0.0,1.0401188707280833,0.0,0.0,2.2288261515601784,0.0,0.0,9.658246656760774,0.0,22.288261515601786,0.0,63.89301634472511,0.0,0.0,0.8915304606240714,0.0,0.0
niclosamide,0.0,0.0,0.0,0.0,0.0,100.0,0.0,0.0,0.0,0.0,0.0,0.0,0.0,0.0,0.0,0.0,0.0,0.0
octreotide,0.2628120893561104,9.85545335085414,0.8212877792378449,0.985545335085414,0.22996057818659657,2.1681997371879107,0.492772667542707,0.39421813403416556,13.403416557161629,0.22996057818659657,0.9526938239159002,0.328515111695138,54.434954007884365,6.241787122207621,1.6425755584756898,2.628120893561104,0.328515111695138,4.270696452036794
olanzapine,0.0,0.0,0.3202667016275542,0.37458093757608674,0.0,0.27157117974266287,0.14046785159103253,0.0,1.5170527971831513,0.7491618751521735,2.3130372895323354,0.0,31.337441237615415,7.847470642219017,0.0,0.08989942501826081,0.0,0.0
olmesartan,6.345429307951616,0.0,0.0,2.97441998810232,1.1897679952409281,9.9147332936744,6.742018639698593,0.396589331746976,17.05334126511997,0.99147332936744,6.742018639698593,1.7846519928613922,0.25778306563553444,12.690858615903233,3.172714653975808,23.597065238945074,2.97441998810232,1.1897679952409281
olodaterol,1.3302294645826405,1.6295310941137349,0.6651147322913202,2.327901563019621,1.3302294645826405,8.646491519787164,18.92251413368806,0.16627868307283006,20.086464915197876,1.995344196873961,3.6581310276022614,2.327901563019621,3.990688393747922,3.392085134685733,1.5962753574991686,16.29531094113735,6.318589956767543,3.6581310276022614
orciprenaline,1.3302294645826405,1.6295310941137349,0.6651147322913202,2.327901563019621,1.3302294645826405,8.646491519787164,18.92251413368806,0.16627868307283006,20.086464915197876,1.995344196873961,3.6581310276022614,2.327901563019621,3.990688393747922,3.392085134685733,1.5962753574991686,16.29531094113735,6.318589956767543,3.6581310276022614
oxybutynin,0.0,0.0,0.0,0.0,0.0,6.562067814392675,1.6977442891888024,0.9537889265105631,1.2590013829939435,2.8613667795316897,0.28613667795316894,0.0,53.60293766989365,5.036005531975774,0.49597024178549287,0.0,0.5531975773761266,0.09537889265105631
oxymetazoline,0.8850991311026836,0.0,0.05880658633766983,0.8100907301617781,0.024002688301089724,1.371753636407278,1.0729201670587105,0.780087369785416,13.16427439873266,0.3636407277615093,0.9649080697038069,0.17701982622053672,2.141039796457204,1.254140463731938,0.5688637127358265,4.668522874561951,0.4500504056454323,0.64207191205415
oxytocin,0.0,4.613078076346442,0.6919617114519663,0.2075885134355899,0.0,0.2075885134355899,0.6919617114519663,0.0,3.5290047284050283,0.0,0.5535693691615731,0.11532695190866105,8.995502248875562,0.5305039787798408,0.11532695190866105,0.0,0.16145773267212546,0.18452312305385768
pasireotide,1.165360659031545,6.027727546714888,0.7032348804500703,1.2055455093429777,0.14064697609001406,6.630500301386378,2.33072131806309,0.6429576049829214,11.11111111111111,0.4219409282700422,3.1746031746031744,2.0695197910387786,46.27285513361463,8.61965039180229,2.1297970665059274,2.2101667671287926,2.0092425155716294,2.772754671488849
periciazine,0.0,0.0,0.0,0.5988023952095808,0.0,0.0,0.0,0.0,3.079555175363559,0.0,0.8554319931565441,0.0,92.72882805816937,0.8554319931565441,0.42771599657827203,0.5988023952095808,0.8554319931565441,0.0
perospirone,0.23148148148148148,0.1388888888888889,0.8564814814814815,2.314814814814815,0.23148148148148148,4.513888888888889,2.384259259259259,0.46296296296296297,12.685185185185185,2.314814814814815,2.2453703703703702,0.2777777777777778,42.4537037037037,24.49074074074074,1.3888888888888888,1.1574074074074074,0.46296296296296297,0.46296296296296297
perphenazine,0.0,0.0,0.07893905904641617,0.45108033740809234,0.0,0.05638504217601154,0.16915512652803463,0.0,0.6540664892417339,0.9021606748161847,0.07893905904641617,0.0,15.38183950561595,9.450133068699534,0.0,0.0,0.0,0.0
pethidine,0.0,0.0,0.0,0.0,0.0,0.0,0.0,0.0,5.181347150259067,0.0,0.0,0.0,7.772020725388601,0.0,0.0,0.0,0.0,0.0
phenoxybenzamine,2.6838432635534084,0.0,1.0735373054213635,5.904455179817498,3.2206119162640903,11.808910359634996,2.6838432635534084,0.4294149221685454,18.78690284487386,1.6103059581320451,8.588298443370908,3.7573805689747717,5.689747718733226,5.314009661835748,4.830917874396135,10.198604401502953,0.5367686527106817,8.588298443370908
phentolamine,1.4599872251117803,0.0,0.05735664098653423,0.7299936125558901,0.0,0.9281347359639173,0.7508505729146299,0.0,4.400818635694081,0.06257088107621915,4.6198167194608475,0.2607120044842465,4.1453208712995195,1.0063483373091915,0.443210407623219,1.1992752206275337,0.9907056170401366,1.5121296260086294
phenylephrine,8.945686900958467,0.0,0.35143769968051125,1.597444089456869,0.0,3.5782747603833864,4.15335463258786,0.0,10.383386581469649,0.22364217252396165,23.833865814696484,1.597444089456869,20.479233226837056,3.769968051118211,1.4376996805111821,6.0702875399361025,4.472843450479234,8.30670926517572
pilocarpine,0.0,0.0,0.0,0.0,0.0,6.104249129667604,0.362439792074014,0.9537889265105631,1.1636224903428871,0.7630311412084505,0.28613667795316894,0.0,5.055081310505985,0.648576470027183,0.49597024178549287,0.0,0.17168200677190137,0.09537889265105631
pimavanserin,0.0,0.0,1.0401188707280833,0.0,0.0,2.2288261515601784,0.0,0.0,9.658246656760774,0.0,22.288261515601786,0.0,63.89301634472511,0.0,0.0,0.8915304606240714,0.0,0.0
pimozide,0.0,0.0,0.24382401800546596,0.5358769626493757,0.0,0.3885107979207974,0.2009538609935159,0.0,2.170301698729972,1.0717539252987514,3.309040244359895,0.0,27.490488183912976,11.226622367504422,0.0,0.1286104710358502,0.0,0.0
pindolol,0.34447123665173957,0.4822597313124354,0.2583534274888047,0.6028246641405443,0.34447123665173957,3.513606613847743,5.020668274199104,0.10334137099552188,5.459869100930073,0.5167068549776094,1.1195315191181536,3.186358939028591,7.5697554254219765,1.48122631760248,0.5425421977264898,4.994832931450223,3.789183603169135,1.2056493282810885
pipotiazine,0.0,0.0,0.2899751449875725,1.6570008285004143,0.0,0.2071251035625518,0.6213753106876554,0.0,2.4026512013256007,3.3140016570008286,0.2899751449875725,0.0,56.503728251864125,34.71416735708368,0.0,0.0,0.0,0.0
pirenzepine,0.0,0.0,0.0,0.0,0.0,0.4578186847250703,1.3353044971147885,0.0,0.09537889265105631,2.0983356383232388,0.0,0.0,48.547856359387666,4.38742906194859,0.0,0.0,0.38151557060422525,0.0
plerixafor,0.4308656482569526,26.74892283587936,2.7027027027027026,3.3529181355268314,0.11750881316098707,7.747747747747748,1.0419114766940853,0.19584802193497847,9.600470035252643,1.163337250293772,4.159811985898942,0.626713670191931,3.0943987465726597,8.26478652565609,1.864473168820995,3.6231884057971016,5.522914218566393,19.310614962788875
practolol,0.0,0.3888888888888889,0.5555555555555556,0.0,0.0,8.222222222222221,0.7777777777777778,0.3888888888888889,1.6666666666666667,0.0,1.1111111111111112,16.666666666666668,42.16666666666667,3.888888888888889,0.8333333333333334,5.0,13.88888888888889,1.6666666666666667
pramipexole,0.0,0.0,0.2840909090909091,1.6233766233766234,0.0,0.20292207792207792,0.6087662337662337,0.0,2.75974025974026,3.2467532467532467,0.2840909090909091,0.0,56.98051948051948,34.00974025974026,0.0,0.0,0.0,0.0
pranlukast,0.5473453749315819,4.926108374384237,1.0946907498631637,1.6420361247947455,0.32840722495894914,11.49425287356322,2.736726874657909,0.49261083743842365,9.852216748768473,1.6420361247947455,4.378762999452655,0.7662835249042146,6.841817186644773,4.926108374384237,1.6420361247947455,3.831417624521073,1.6420361247947455,3.831417624521073
prazosin,1.4599872251117803,0.0,0.05735664098653423,0.7299936125558901,0.0,0.9281347359639173,0.7508505729146299,0.0,4.400818635694081,0.06257088107621915,4.6198167194608475,0.2607120044842465,4.1453208712995195,1.0063483373091915,0.443210407623219,1.1992752206275337,0.9907056170401366,1.5121296260086294
procaterol,1.3302294645826405,1.6295310941137349,0.6651147322913202,2.327901563019621,1.3302294645826405,8.646491519787164,18.92251413368806,0.16627868307283006,20.086464915197876,1.995344196873961,3.6581310276022614,2.327901563019621,3.990688393747922,3.392085134685733,1.5962753574991686,16.29531094113735,6.318589956767543,3.6581310276022614
prochlorperazine,0.0,0.0,0.14621104520010025,0.8354916868577157,0.0,0.10443646085721446,0.31330938257164337,0.0,1.4203358676581166,1.6709833737154314,0.14621104520010025,0.0,29.32575820870582,17.503550839669145,0.0,0.0,0.0,0.0
promazine,0.0,0.0,0.2840909090909091,1.6233766233766234,0.0,0.20292207792207792,0.6087662337662337,0.0,2.75974025974026,3.2467532467532467,0.2840909090909091,0.0,56.98051948051948,34.00974025974026,0.0,0.0,0.0,0.0
promethazine,0.0,0.0,0.4191114836546522,6.705783738474435,0.2514668901927913,10.477787091366304,12.154233025984912,0.0,22.212908633696564,1.2573344509639564,18.440905280804696,0.5029337803855826,11.525565800502934,3.0595138306789607,2.5146689019279127,5.86756077116513,2.5146689019279127,0.4191114836546522
propafenone,0.0,0.14562096941959643,0.20802995631370919,0.0,0.0,3.078843353442896,0.29124193883919286,0.14562096941959643,0.6240898689411275,0.0,0.41605991262741837,6.240898689411275,15.78947368421053,1.4562096941959644,0.31204493447056375,1.8722696068233826,5.20074890784273,0.6240898689411275
propantheline,0.0,0.0,0.0,0.0,0.0,11.850609904262043,1.7300869903290084,0.9719589833309035,1.4530786800797009,2.9158769499927106,0.29158769499927106,2.5513923312436217,54.964280507362595,5.13194343198717,1.4773776546629733,0.0,0.685231083248287,0.09719589833309035
propranolol,1.1061946902654867,1.3550884955752214,0.5530973451327433,1.9358407079646016,1.1061946902654867,9.347345132743362,15.735619469026547,0.13827433628318583,27.627212389380528,1.65929203539823,3.0420353982300883,1.9358407079646016,3.31858407079646,2.986725663716814,2.986725663716814,13.550884955752212,5.254424778761061,3.0420353982300883
pyrilamine,0.0,0.0,0.4191114836546522,6.705783738474435,0.2514668901927913,10.477787091366304,12.154233025984912,0.0,22.212908633696564,1.2573344509639564,18.440905280804696,0.5029337803855826,11.525565800502934,3.0595138306789607,2.5146689019279127,5.86756077116513,2.5146689019279127,0.4191114836546522
quetiapine,0.0,0.0,0.22644138651802823,0.4976733769626994,0.0,0.36081319829795705,0.18662751636101227,0.0,2.0155771766989328,0.9953467539253988,3.0731331027446687,0.0,25.53064423818648,10.426257247368552,0.0,0.11944161047104786,0.0,0.0
ramelteon,0.0,0.0,0.0,0.0,0.0,0.0,0.0,0.0,45.945945945945944,0.0,0.0,0.0,54.054054054054056,0.0,0.0,0.0,0.0,0.0
ranitidine,0.0,34.78904515173945,0.5181347150259068,1.4803849000740192,0.0,7.253886010362695,1.1102886750555145,0.0,9.770540340488527,0.5181347150259068,8.142116950407106,5.181347150259068,12.953367875647668,3.034789045151739,1.2583271650629164,5.181347150259068,3.7009622501850483,4.441154700222058
regadenoson,0.08121497604158207,0.235523430520588,0.0,0.0,0.0,0.0,0.0,0.0,0.12182246406237311,0.0,0.0,0.0,0.33298140177048646,0.0,0.0,0.0,0.04060748802079103,0.05685048322910745
risperidone,0.0,0.0,0.1310157105908131,0.30495036085792704,0.0,0.6720202396683947,0.8753204802403461,0.0,1.377923852765448,0.45177831238211413,4.670258304250105,0.0,13.491229853510882,4.822733484679068,0.11294457809552853,0.11068568653361797,0.05647228904776427,0.0
rizatriptan,0.0,0.0,0.27609055770292656,0.7730535615681944,0.0,4.969630038652678,7.730535615681943,0.0,4.527885146327995,0.0,32.02650469353948,0.0,18.60850358917725,0.883489784649365,1.1043622308117063,0.5521811154058531,0.5521811154058531,0.0
ropinirole,0.0,0.0,0.2840909090909091,1.6233766233766234,0.0,0.20292207792207792,0.6087662337662337,0.0,2.75974025974026,3.2467532467532467,0.2840909090909091,0.0,56.98051948051948,34.00974025974026,0.0,0.0,0.0,0.0
rotigotine,0.0,0.0,0.1443179943922151,0.8246742536698005,0.0,0.10308428170872506,0.3092528451261752,0.0,1.1957776678212106,1.649348507339601,0.1443179943922151,0.0,28.121392050140198,17.27692561438232,0.0,0.0,0.0,0.0
salbutamol,1.3302294645826405,1.6295310941137349,0.6651147322913202,2.327901563019621,1.3302294645826405,8.646491519787164,18.92251413368806,0.16627868307283006,20.086464915197876,1.995344196873961,3.6581310276022614,2.327901563019621,3.990688393747922,3.392085134685733,1.5962753574991686,16.29531094113735,6.318589956767543,3.6581310276022614
salmeterol,1.3302294645826405,1.6295310941137349,0.6651147322913202,2.327901563019621,1.3302294645826405,8.646491519787164,18.92251413368806,0.16627868307283006,20.086464915197876,1.995344196873961,3.6581310276022614,2.327901563019621,3.990688393747922,3.392085134685733,1.5962753574991686,16.29531094113735,6.318589956767543,3.6581310276022614
scopolamine,0.0,0.0,0.0,0.0,0.0,0.46654031199883367,1.360742576663265,0.0,0.09719589833309035,2.138309763327988,0.0,0.0,49.47271225154299,4.4710113233221564,0.0,0.0,0.3887835933323614,0.0
selexipag,0.9101251422070534,4.550625711035267,0.0,1.5927189988623436,0.22753128555176336,5.688282138794084,6.825938566552901,0.6825938566552902,8.304891922639364,0.9101251422070534,40.27303754266212,4.09556313993174,0.0,6.825938566552901,2.2753128555176336,4.323094425483504,8.418657565415245,2.7303754266211606
silodosin,4.126547455295736,0.0,0.1375515818431912,0.0,0.0,0.9628610729023384,0.25217790004585056,0.0,1.3984410820724438,0.16047684548372307,0.5960568546538285,0.45850527281063735,2.888583218707015,0.687757909215956,0.1375515818431912,1.375515818431912,1.1462631820265934,0.9170105456212747
solifenacin,0.0,0.0,0.0,0.0,0.0,11.17125280175497,0.362439792074014,0.9537889265105631,1.3305355524822355,0.7630311412084505,0.28613667795316894,2.503695932090228,5.388907434784682,0.648576470027183,1.449759168296056,0.0,0.2909056225857218,0.09537889265105631
sonidegib,1.6055045871559632,1.0321100917431192,0.45871559633027525,4.3577981651376145,0.22935779816513763,9.059633027522937,6.76605504587156,0.573394495412844,37.61467889908257,2.1788990825688073,4.931192660550459,1.261467889908257,8.142201834862385,12.958715596330276,3.669724770642202,1.834862385321101,0.8027522935779816,0.6880733944954128
sotalol,0.8321198252548367,1.1649677553567714,0.6240898689411275,1.4562096941959644,0.8321198252548367,8.487622217599334,12.128146453089245,0.24963594757645102,13.189099230289164,1.248179737882255,2.7043894320782194,7.697108383607239,18.285833159975038,3.5781152485957977,1.310588724776368,12.065737466195133,9.153318077803204,2.9124193883919287
sufentanil,0.0,0.0,0.0,0.0,0.0,0.0,0.0,0.0,40.0,0.0,0.0,0.0,60.0,0.0,0.0,0.0,0.0,0.0
sulpiride,0.0,0.0,0.2840909090909091,1.6233766233766234,0.0,0.20292207792207792,0.6087662337662337,0.0,2.353896103896104,3.2467532467532467,0.2840909090909091,0.0,55.357142857142854,34.00974025974026,0.0,0.0,0.0,0.0
sumatriptan,0.0,0.0,0.15495227469939257,0.43386636915829924,0.0,2.7891409445890663,4.338663691582992,0.0,2.541217305070038,0.0,17.97446386512954,0.0,10.44378331473906,0.49584727903805625,0.6198090987975703,0.30990454939878515,0.30990454939878515,0.0
suvorexant,0.0,0.0,0.0,0.0,0.0,5.405405405405405,0.0,0.0,15.315315315315315,0.0,12.612612612612612,0.0,22.52252252252252,27.027027027027025,0.0,10.81081081081081,0.0,0.0
tafluprost,0.3065395095367847,0.0,0.0,18.732970027247955,0.3405994550408719,6.8119891008174385,22.479564032697546,0.3065395095367847,23.126702997275206,2.3841961852861036,8.174386920980925,0.3405994550408719,1.1580381471389645,2.7247956403269753,2.7247956403269753,8.174386920980925,1.0217983651226157,0.17029972752043596
tamsulosin,6.419073819348923,0.0,0.25217790004585056,3.2095369096744615,0.0,4.080696928014672,3.3012379642365888,0.0,19.348922512608894,0.2751031636863824,20.311783585511233,1.1462631820265934,18.225584594222838,4.4245758826226504,1.9486474094452086,5.272810637322329,4.355800091701055,6.648326455754241
tapentadol,0.0,0.0,0.0,0.0,0.0,0.0,0.0,0.0,40.0,0.0,0.0,0.0,60.0,0.0,0.0,0.0,0.0,0.0
tasimelteon,0.0,0.0,0.0,0.0,0.0,0.0,0.0,0.0,45.945945945945944,0.0,0.0,0.0,54.054054054054056,0.0,0.0,0.0,0.0,0.0
teduglutide,0,0,0,0,0,0,0,0,0,0,0,0,0,0,0,0,0,0
telmisartan,6.345429307951616,0.0,0.0,2.97441998810232,1.1897679952409281,9.9147332936744,6.742018639698593,0.396589331746976,17.05334126511997,0.99147332936744,6.742018639698593,1.7846519928613922,0.25778306563553444,12.690858615903233,3.172714653975808,23.597065238945074,2.97441998810232,1.1897679952409281
terazosin,6.419073819348923,0.0,0.25217790004585056,3.2095369096744615,0.0,4.080696928014672,3.3012379642365888,0.0,19.348922512608894,0.2751031636863824,20.311783585511233,1.1462631820265934,18.225584594222838,4.4245758826226504,1.9486474094452086,5.272810637322329,4.355800091701055,6.648326455754241
terbutaline,1.3302294645826405,1.6295310941137349,0.6651147322913202,2.327901563019621,1.3302294645826405,8.646491519787164,18.92251413368806,0.16627868307283006,20.086464915197876,1.995344196873961,3.6581310276022614,2.327901563019621,3.990688393747922,3.392085134685733,1.5962753574991686,16.29531094113735,6.318589956767543,3.6581310276022614
teriparatide,2.832618025751073,0.0,1.0300429184549356,1.2875536480686696,0.34334763948497854,5.236051502145923,2.2317596566523603,0.34334763948497854,20.429184549356222,0.2575107296137339,6.094420600858369,1.888412017167382,14.935622317596566,6.094420600858369,21.373390557939913,5.665236051502146,2.9184549356223175,5.064377682403434
tesamorelin,0.0,0.0,0.0,0.0,0.0,0.0,0.0,0.0,0.0,0.0,0.0,63.63636363636363,36.36363636363637,0.0,0.0,0.0,0.0,0.0
theophylline,0.08121497604158207,0.3492243969788029,0.16242995208316413,0.16242995208316413,0.04872898562494924,2.590757735726468,2.517664257289044,0.08121497604158207,2.314626817185089,0.16242995208316413,0.235523430520588,0.14618695687484773,4.962235036140664,0.8121497604158207,0.28425241614553726,0.16242995208316413,0.3654673921871193,0.2192804353122716
thioridazine,0.0,0.0,0.383638928067701,0.0,0.0,0.3385049365303244,0.0,0.0,1.466854724964739,0.0,3.385049365303244,0.0,27.960507757404795,0.0,0.0,0.13540197461212977,0.0,0.0
thiothixene,0.0,0.0,0.2288329519450801,0.0,0.0,0.49035632559660025,0.0,0.0,2.124877410918601,0.0,4.903563255966002,0.0,14.056881333769207,0.0,0.0,0.1961425302386401,0.0,0.0
ticagrelor,0,0,0,0,0,0,0,0,0,0,0,0,0,0,0,0,0,0
timolol,1.3302294645826405,1.6295310941137349,0.6651147322913202,2.327901563019621,1.3302294645826405,8.646491519787164,18.92251413368806,0.16627868307283006,20.086464915197876,1.995344196873961,3.6581310276022614,2.327901563019621,3.990688393747922,3.392085134685733,1.5962753574991686,16.29531094113735,6.318589956767543,3.6581310276022614
tiotropium,0.0,0.0,0.0,0.0,0.0,7.165048000223908,0.42542472501329454,1.1195387500349856,1.3658372750426824,0.8956310000279885,0.33586162501049566,0.0,5.933555375185423,0.7612863500237902,0.5821601500181924,0.0,0.2015169750062974,0.11195387500349856
tolvaptan,0.0,0.0,0.0,0.526711813393529,0.1504890895410083,1.053423626787058,0.45146726862302483,0.0526711813393529,3.1828442437923252,0.1504890895410083,0.526711813393529,0.3762227238525207,0.6772009029345373,0.45146726862302483,0.45146726862302483,1.9563581640331076,0.1504890895410083,0.07524454477050414
trazodone,0.0,0.0,0.6927465362673186,0.0,0.0,0.6112469437652812,0.0,0.0,2.6487367563162185,0.0,6.112469437652812,0.0,50.488997555012226,0.0,0.0,0.24449877750611246,0.0,0.0
treprostinil,0.17101690929690674,0.8550845464845337,0.0,0.2992795912695868,0.042754227324226686,1.0688556831056673,1.2826268197268005,0.12826268197268006,1.5605292973342741,0.17101690929690674,7.567498236388124,0.7695760918360803,0.0,1.2826268197268005,0.42754227324226685,0.8123303191603071,1.5819064109963874,0.5130507278907203
trifluoperazine,0.0,0.0,0.06682705159048383,0.3818688662313362,0.0,0.047733608278917025,0.14320082483675106,0.0,0.5537098560354374,0.7637377324626724,0.06682705159048383,0.0,13.021728338488565,8.000152747546494,0.0,0.0,0.0,0.0
trihexyphenidyl,0.0,0.0,0.0,0.0,0.0,0.7989347536617843,2.330226364846871,0.0,0.16644474034620507,3.6617842876165114,0.0,0.0,84.72037283621839,7.656458055925433,0.0,0.0,0.6657789613848203,0.0
tripelennamine,0.0,0.0,0.4191114836546522,6.705783738474435,0.2514668901927913,10.477787091366304,12.154233025984912,0.0,22.212908633696564,1.2573344509639564,18.440905280804696,0.5029337803855826,11.525565800502934,3.0595138306789607,2.5146689019279127,5.86756077116513,2.5146689019279127,0.4191114836546522
triprolidine,0.0,0.0,0.4191114836546522,6.705783738474435,0.2514668901927913,10.477787091366304,12.154233025984912,0.0,22.212908633696564,1.2573344509639564,18.440905280804696,0.5029337803855826,11.525565800502934,3.0595138306789607,2.5146689019279127,5.86756077116513,2.5146689019279127,0.4191114836546522
tropicamide,0.0,0.0,0.0,0.0,0.0,33.19502074688796,1.970954356846473,5.186721991701244,6.327800829875518,4.149377593360995,1.5560165975103732,0.0,27.489626556016596,3.5269709543568464,2.697095435684647,0.0,0.933609958506224,0.5186721991701244
valsartan,6.345429307951616,0.0,0.0,2.97441998810232,1.1897679952409281,9.9147332936744,6.742018639698593,0.396589331746976,17.05334126511997,0.99147332936744,6.742018639698593,1.7846519928613922,0.25778306563553444,12.690858615903233,3.172714653975808,23.597065238945074,2.97441998810232,1.1897679952409281
vapreotide,0.23371311714869997,8.76424189307625,0.7303534910896874,0.8764241893076249,0.20449897750511248,1.9281332164767748,0.43821209465381245,0.35056967572305,12.065439672801636,0.43821209465381245,2.5708442886356995,2.629272567922875,48.40782938942448,11.685655857434998,1.9573473561203623,2.3371311714869996,0.29214139643587494,3.7978381536663743
vasopressin,2.306539038173221,0.0,0.0,1.5569138507669242,0.34598085572598314,3.3444816053511706,1.9605581824472378,0.24795294660362127,19.715142428785608,0.5766347595433052,14.24287856071964,0.657363625879368,0.8649521393149578,16.722408026755854,1.7299042786299157,13.493253373313342,0.3229154653442509,0.219121208626456
vilanterol,1.3302294645826405,1.6295310941137349,0.6651147322913202,2.327901563019621,1.3302294645826405,8.646491519787164,18.92251413368806,0.16627868307283006,20.086464915197876,1.995344196873961,3.6581310276022614,2.327901563019621,3.990688393747922,3.392085134685733,1.5962753574991686,16.29531094113735,6.318589956767543,3.6581310276022614
vilazodone,0.0,0.0,0.0,0.0,0.0,0.0,0.0,0.0,0.0,0.0,0.0,0.0,1.6456560889275291,0.0,0.0,0.0,0.0,0.0
vismodegib,1.6055045871559632,1.0321100917431192,0.45871559633027525,4.3577981651376145,0.22935779816513763,9.059633027522937,6.76605504587156,0.573394495412844,37.61467889908257,2.1788990825688073,4.931192660550459,1.261467889908257,8.142201834862385,12.958715596330276,3.669724770642202,1.834862385321101,0.8027522935779816,0.6880733944954128
vorapaxar,0,0,0,0,0,0,0,0,0,0,0,0,0,0,0,0,0,0
vortioxetine,0.0,0.0,0.10018032458425165,0.2604688439190543,0.0,1.1140052093768784,3.3179723502304146,0.0,2.9493087557603683,0.04007212983370066,12.077739931877378,0.0,5.47385293528351,0.360649168503306,0.5610098176718092,0.2805049088359046,0.2484472049689441,0.04007212983370066
yohimbine,0.2006759611322349,0.0,0.17603154485283762,1.7251091395578089,0.3450218279115618,2.886917335586537,2.0384452893958596,1.0491480073229122,36.64976763836079,0.5633009435290804,15.349950711167441,0.5527390508379102,6.013237572172933,3.270666103365723,1.8659343754400788,7.182087029995775,0.5280946345585129,2.4644416279397268
zafirlukast,0.5473453749315819,4.926108374384237,1.0946907498631637,1.6420361247947455,0.32840722495894914,11.49425287356322,2.736726874657909,0.49261083743842365,9.852216748768473,1.6420361247947455,4.378762999452655,0.7662835249042146,6.841817186644773,4.926108374384237,1.6420361247947455,3.831417624521073,1.6420361247947455,3.831417624521073
ziprasidone,0.0,0.0,0.32452128366196653,0.3795570569145807,0.0,0.275178866263071,0.14233389634296775,0.0,1.5372060805040517,0.7591141138291614,2.3437648264475355,0.0,31.753743381473818,7.951720342360465,0.0,0.09109369365949936,0.0,0.0
zolmitriptan,0.0,0.0,0.27609055770292656,0.7730535615681944,0.0,4.969630038652678,7.730535615681943,0.0,4.527885146327995,0.0,32.02650469353948,0.0,18.60850358917725,0.883489784649365,1.1043622308117063,0.5521811154058531,0.5521811154058531,0.0
